Trade number,Type,Date and time,Signal,Price USD,Size (qty),Size (value),Net PnL USD,Return %,Commission USD,Favorable excursion USD,Favorable excursion %,Adverse excursion USD,Adverse excursion %,Cumulative PnL USD,Cumulative PnL %,Duration (bars)
1,Exit long,2026-08-24 09:52,LX1,28969.5,1,58006,-67,-0.12,0,56,0.10,-67,-0.12,-67,-0.01,4
1,Entry long,2026-08-24 09:48,Long,29003,1,58006,-67,-0.12,0,56,0.10,-67,-0.12,-67,-0.01,4
2,Exit long,2026-08-24 09:52,LX2,28969.5,1,58006,-67,-0.12,0,56,0.10,-67,-0.12,-134,-0.01,4
2,Entry long,2026-08-24 09:48,Long,29003,1,58006,-67,-0.12,0,56,0.10,-67,-0.12,-134,-0.01,4
3,Exit long,2026-08-24 09:52,LX3,28969.5,1,58006,-67,-0.12,0,56,0.10,-67,-0.12,-201,-0.02,4
3,Entry long,2026-08-24 09:48,Long,29003,1,58006,-67,-0.12,0,56,0.10,-67,-0.12,-201,-0.02,4
4,Exit long,2026-08-24 10:01,Close Position (Max intraday Loss),28999.25,3,173995.5,0,0.00,0,0,0.00,0,0.00,-201,-0.02,0
4,Entry long,2026-08-24 10:01,Long,28999.25,3,173995.5,0,0.00,0,0,0.00,0,0.00,-201,-0.02,0
5,Exit long,2026-08-25 09:40,LX1,29355.5,1,58651,60,0.10,0,60,0.10,-49,-0.08,-141,-0.01,2
5,Entry long,2026-08-25 09:38,Long,29325.5,1,58651,60,0.10,0,60,0.10,-49,-0.08,-141,-0.01,2
6,Exit long,2026-08-25 09:46,LX2,29385.5,1,58651,120,0.20,0,120,0.20,-49,-0.08,-21,0.00,8
6,Entry long,2026-08-25 09:38,Long,29325.5,1,58651,120,0.20,0,120,0.20,-49,-0.08,-21,0.00,8
7,Exit long,2026-08-25 09:49,LX3,29415.5,1,58651,180,0.31,0,180,0.31,-49,-0.08,159,0.02,11
7,Entry long,2026-08-25 09:38,Long,29325.5,1,58651,180,0.31,0,180,0.31,-49,-0.08,159,0.02,11
8,Exit short,2026-08-26 09:54,SX1,29307.75,1,58548.5,-67,-0.11,0,0,0.00,-67,-0.11,92,0.01,3
8,Entry short,2026-08-26 09:51,Short,29274.25,1,58548.5,-67,-0.11,0,0,0.00,-67,-0.11,92,0.01,3
9,Exit short,2026-08-26 09:54,SX2,29307.75,1,58548.5,-67,-0.11,0,0,0.00,-67,-0.11,25,0.00,3
9,Entry short,2026-08-26 09:51,Short,29274.25,1,58548.5,-67,-0.11,0,0,0.00,-67,-0.11,25,0.00,3
10,Exit short,2026-08-26 09:54,SX3,29307.75,1,58548.5,-67,-0.11,0,0,0.00,-67,-0.11,-42,0.00,3
10,Entry short,2026-08-26 09:51,Short,29274.25,1,58548.5,-67,-0.11,0,0,0.00,-67,-0.11,-42,0.00,3
11,Exit short,2026-08-26 10:14,Close Position (Max intraday Loss),29262.25,3,175530,-43.5,-0.02,0,0,0.00,-43.5,-0.02,-85.5,-0.01,0
11,Entry short,2026-08-26 10:14,Short,29255,3,175530,-43.5,-0.02,0,0,0.00,-43.5,-0.02,-85.5,-0.01,0
12,Exit long,2026-08-27 09:42,LX1,29521.5,1,58976,67,0.11,0,67,0.11,-8,-0.01,-18.5,0.00,0
12,Entry long,2026-08-27 09:42,Long,29488,1,58976,67,0.11,0,67,0.11,-8,-0.01,-18.5,0.00,0
13,Exit long,2026-08-27 09:44,LX2,29554.75,1,58976,133.5,0.23,0,133.5,0.23,-8,-0.01,115,0.01,2
13,Entry long,2026-08-27 09:42,Long,29488,1,58976,133.5,0.23,0,133.5,0.23,-8,-0.01,115,0.01,2
14,Exit long,2026-08-27 09:44,LX3,29588,1,58976,200,0.34,0,200,0.34,-8,-0.01,315,0.03,2
14,Entry long,2026-08-27 09:42,Long,29488,1,58976,200,0.34,0,200,0.34,-8,-0.01,315,0.03,2
15,Exit short,2026-08-28 10:00,SX1,29703,1,59339,-67,-0.11,0,0,0.00,-67,-0.11,248,0.02,0
15,Entry short,2026-08-28 10:00,Short,29669.5,1,59339,-67,-0.11,0,0,0.00,-67,-0.11,248,0.02,0
16,Exit short,2026-08-28 10:00,SX2,29703,1,59339,-67,-0.11,0,0,0.00,-67,-0.11,181,0.02,0
16,Entry short,2026-08-28 10:00,Short,29669.5,1,59339,-67,-0.11,0,0,0.00,-67,-0.11,181,0.02,0
17,Exit short,2026-08-28 10:00,SX3,29703,1,59339,-67,-0.11,0,0,0.00,-67,-0.11,114,0.01,0
17,Entry short,2026-08-28 10:00,Short,29669.5,1,59339,-67,-0.11,0,0,0.00,-67,-0.11,114,0.01,0
18,Exit short,2026-08-28 13:57,Close Position (Max intraday Loss),29512,3,177007.5,-64.5,-0.04,0,0,0.00,-64.5,-0.04,49.5,0.00,0
18,Entry short,2026-08-28 13:57,Short,29501.25,3,177007.5,-64.5,-0.04,0,0,0.00,-64.5,-0.04,49.5,0.00,0
19,Exit short,2026-08-31 09:43,SX1,29404.75,1,58876.5,67,0.11,0,67,0.11,-8.5,-0.01,116.5,0.01,1
19,Entry short,2026-08-31 09:42,Short,29438.25,1,58876.5,67,0.11,0,67,0.11,-8.5,-0.01,116.5,0.01,1
20,Exit short,2026-08-31 09:47,SX2,29471.75,1,58876.5,-67,-0.11,0,103,0.17,-67,-0.11,49.5,0.00,5
20,Entry short,2026-08-31 09:42,Short,29438.25,1,58876.5,-67,-0.11,0,103,0.17,-67,-0.11,49.5,0.00,5
21,Exit short,2026-08-31 09:47,SX3,29471.75,1,58876.5,-67,-0.11,0,103,0.17,-67,-0.11,-17.5,0.00,5
21,Entry short,2026-08-31 09:42,Short,29438.25,1,58876.5,-67,-0.11,0,103,0.17,-67,-0.11,-17.5,0.00,5
22,Exit long,2026-08-31 09:49,LX1,29425,1,58894.5,-44.5,-0.08,0,0,0.00,-44.5,-0.08,-62,-0.01,0
22,Entry long,2026-08-31 09:49,Long,29447.25,1,58894.5,-44.5,-0.08,0,0,0.00,-44.5,-0.08,-62,-0.01,0
23,Exit long,2026-08-31 09:49,LX2,29425,1,58894.5,-44.5,-0.08,0,0,0.00,-44.5,-0.08,-106.5,-0.01,0
23,Entry long,2026-08-31 09:49,Long,29447.25,1,58894.5,-44.5,-0.08,0,0,0.00,-44.5,-0.08,-106.5,-0.01,0
24,Exit long,2026-08-31 09:49,LX3,29425,1,58894.5,-44.5,-0.08,0,0,0.00,-44.5,-0.08,-151,-0.02,0
24,Entry long,2026-08-31 09:49,Long,29447.25,1,58894.5,-44.5,-0.08,0,0,0.00,-44.5,-0.08,-151,-0.02,0
25,Exit short,2026-08-31 10:18,Close Position (Max intraday Loss),29431,3,176559,-27,-0.02,0,0,0.00,-27,-0.02,-178,-0.02,0
25,Entry short,2026-08-31 10:18,Short,29426.5,3,176559,-27,-0.02,0,0,0.00,-27,-0.02,-178,-0.02,0
26,Exit short,2026-09-01 09:34,SX1,29085,1,58211,41,0.07,0,41,0.07,-19,-0.03,-137,-0.01,1
26,Entry short,2026-09-01 09:33,Short,29105.5,1,58211,41,0.07,0,41,0.07,-19,-0.03,-137,-0.01,1
27,Exit short,2026-09-01 09:35,SX2,29126,1,58211,-41,-0.07,0,41,0.07,-41,-0.07,-178,-0.02,2
27,Entry short,2026-09-01 09:33,Short,29105.5,1,58211,-41,-0.07,0,41,0.07,-41,-0.07,-178,-0.02,2
28,Exit short,2026-09-01 09:35,SX3,29126,1,58211,-41,-0.07,0,41,0.07,-41,-0.07,-219,-0.02,2
28,Entry short,2026-09-01 09:33,Short,29105.5,1,58211,-41,-0.07,0,41,0.07,-41,-0.07,-219,-0.02,2
29,Exit short,2026-09-01 09:56,Long,29103.5,3,174754.5,133.5,0.08,0,133.5,0.08,-25.5,-0.01,-85.5,-0.01,1
29,Entry short,2026-09-01 09:55,Short,29125.75,3,174754.5,133.5,0.08,0,133.5,0.08,-25.5,-0.01,-85.5,-0.01,1
30,Exit short,2026-09-01 10:30,SX1,29180,1,58330,-30,-0.05,0,18.5,0.03,-30,-0.05,-115.5,-0.01,1
30,Entry short,2026-09-01 10:29,Short,29165,1,58330,-30,-0.05,0,18.5,0.03,-30,-0.05,-115.5,-0.01,1
31,Exit short,2026-09-01 10:30,SX2,29180,1,58330,-30,-0.05,0,18.5,0.03,-30,-0.05,-145.5,-0.01,1
31,Entry short,2026-09-01 10:29,Short,29165,1,58330,-30,-0.05,0,18.5,0.03,-30,-0.05,-145.5,-0.01,1
32,Exit short,2026-09-01 10:30,SX3,29180,1,58330,-30,-0.05,0,18.5,0.03,-30,-0.05,-175.5,-0.02,1
32,Entry short,2026-09-01 10:29,Short,29165,1,58330,-30,-0.05,0,18.5,0.03,-30,-0.05,-175.5,-0.02,1
33,Exit long,2026-09-01 14:13,LX1,29106.25,1,58280,-67.5,-0.12,0,44,0.08,-67.5,-0.12,-243,-0.02,40
33,Entry long,2026-09-01 13:33,Long,29140,1,58280,-67.5,-0.12,0,44,0.08,-67.5,-0.12,-243,-0.02,40
34,Exit long,2026-09-01 14:13,LX2,29106.25,1,58280,-67.5,-0.12,0,44,0.08,-67.5,-0.12,-310.5,-0.03,40
34,Entry long,2026-09-01 13:33,Long,29140,1,58280,-67.5,-0.12,0,44,0.08,-67.5,-0.12,-310.5,-0.03,40
35,Exit long,2026-09-01 14:13,LX3,29106.25,1,58280,-67.5,-0.12,0,44,0.08,-67.5,-0.12,-378,-0.04,40
35,Entry long,2026-09-01 13:33,Long,29140,1,58280,-67.5,-0.12,0,44,0.08,-67.5,-0.12,-378,-0.04,40
36,Exit long,2026-09-01 14:20,Close Position (Max intraday Loss),29106.5,3,174651,-12,-0.01,0,0,0.00,-12,-0.01,-390,-0.04,0
36,Entry long,2026-09-01 14:20,Long,29108.5,3,174651,-12,-0.01,0,0,0.00,-12,-0.01,-390,-0.04,0
37,Exit short,2026-09-02 09:36,SX1,29050,1,58166.5,66.5,0.11,0,66.5,0.11,-15.5,-0.03,-323.5,-0.03,4
37,Entry short,2026-09-02 09:32,Short,29083.25,1,58166.5,66.5,0.11,0,66.5,0.11,-15.5,-0.03,-323.5,-0.03,4
38,Exit short,2026-09-02 09:42,SX2,29116.5,1,58166.5,-66.5,-0.11,0,93,0.16,-66.5,-0.11,-390,-0.04,10
38,Entry short,2026-09-02 09:32,Short,29083.25,1,58166.5,-66.5,-0.11,0,93,0.16,-66.5,-0.11,-390,-0.04,10
39,Exit short,2026-09-02 09:42,SX3,29116.5,1,58166.5,-66.5,-0.11,0,93,0.16,-66.5,-0.11,-456.5,-0.05,10
39,Entry short,2026-09-02 09:32,Short,29083.25,1,58166.5,-66.5,-0.11,0,93,0.16,-66.5,-0.11,-456.5,-0.05,10
40,Exit short,2026-09-02 09:59,SX1,29056.25,1,58068,-44.5,-0.08,0,21,0.04,-44.5,-0.08,-501,-0.05,3
40,Entry short,2026-09-02 09:56,Short,29034,1,58068,-44.5,-0.08,0,21,0.04,-44.5,-0.08,-501,-0.05,3
41,Exit short,2026-09-02 09:59,SX2,29056.25,1,58068,-44.5,-0.08,0,21,0.04,-44.5,-0.08,-545.5,-0.05,3
41,Entry short,2026-09-02 09:56,Short,29034,1,58068,-44.5,-0.08,0,21,0.04,-44.5,-0.08,-545.5,-0.05,3
42,Exit short,2026-09-02 09:59,SX3,29056.25,1,58068,-44.5,-0.08,0,21,0.04,-44.5,-0.08,-590,-0.06,3
42,Entry short,2026-09-02 09:56,Short,29034,1,58068,-44.5,-0.08,0,21,0.04,-44.5,-0.08,-590,-0.06,3
43,Exit long,2026-09-02 10:06,Close Position (Max intraday Loss),29079.5,3,174486,-9,-0.01,0,0,0.00,-9,-0.01,-599,-0.06,0
43,Entry long,2026-09-02 10:06,Long,29081,3,174486,-9,-0.01,0,0,0.00,-9,-0.01,-599,-0.06,0
44,Exit short,2026-09-03 10:00,SX1,29282.75,1,58632.5,67,0.11,0,67,0.11,-53.5,-0.09,-532,-0.05,2
44,Entry short,2026-09-03 09:58,Short,29316.25,1,58632.5,67,0.11,0,67,0.11,-53.5,-0.09,-532,-0.05,2
45,Exit short,2026-09-03 10:08,SX2,29249.5,1,58632.5,133.5,0.23,0,133.5,0.23,-53.5,-0.09,-398.5,-0.04,10
45,Entry short,2026-09-03 09:58,Short,29316.25,1,58632.5,133.5,0.23,0,133.5,0.23,-53.5,-0.09,-398.5,-0.04,10
46,Exit short,2026-09-03 10:20,SX3,29349.75,1,58632.5,-67,-0.11,0,149.5,0.25,-67,-0.11,-465.5,-0.05,22
46,Entry short,2026-09-03 09:58,Short,29316.25,1,58632.5,-67,-0.11,0,149.5,0.25,-67,-0.11,-465.5,-0.05,22
47,Exit short,2026-09-03 10:34,SX1,29294.75,1,58660.5,71,0.12,0,71,0.12,-5.5,-0.01,-394.5,-0.04,1
47,Entry short,2026-09-03 10:33,Short,29330.25,1,58660.5,71,0.12,0,71,0.12,-5.5,-0.01,-394.5,-0.04,1
48,Exit short,2026-09-03 10:35,Session End,29288.25,2,117321,168,0.14,0,185,0.16,-11,-0.01,-226.5,-0.02,2
48,Entry short,2026-09-03 10:33,Short,29330.25,2,117321,168,0.14,0,185,0.16,-11,-0.01,-226.5,-0.02,2
49,Exit short,2026-09-04 10:08,SX1,29645.5,1,59338.5,47.5,0.08,0,47.5,0.08,-17.5,-0.03,-179,-0.02,5
49,Entry short,2026-09-04 10:03,Short,29669.25,1,59338.5,47.5,0.08,0,47.5,0.08,-17.5,-0.03,-179,-0.02,5
50,Exit short,2026-09-04 10:12,SX2,29621.75,1,59338.5,95,0.16,0,95,0.16,-17.5,-0.03,-84,-0.01,9
50,Entry short,2026-09-04 10:03,Short,29669.25,1,59338.5,95,0.16,0,95,0.16,-17.5,-0.03,-84,-0.01,9
51,Exit short,2026-09-04 10:12,SX3,29598,1,59338.5,142.5,0.24,0,142.5,0.24,-17.5,-0.03,58.5,0.01,9
51,Entry short,2026-09-04 10:03,Short,29669.25,1,59338.5,142.5,0.24,0,142.5,0.24,-17.5,-0.03,58.5,0.01,9
52,Exit long,2026-09-04 14:19,Session End,29501.75,3,176943,67.5,0.04,0,76.5,0.04,-115.5,-0.07,126,0.01,18
52,Entry long,2026-09-04 14:01,Long,29490.5,3,176943,67.5,0.04,0,76.5,0.04,-115.5,-0.07,126,0.01,18
53,Exit short,2026-09-07 10:00,SX1,29610.5,1,59257.5,36.5,0.06,0,36.5,0.06,-7,-0.01,162.5,0.02,14
53,Entry short,2026-09-07 09:46,Short,29628.75,1,59257.5,36.5,0.06,0,36.5,0.06,-7,-0.01,162.5,0.02,14
54,Exit short,2026-09-07 10:59,SX2,29592.25,1,59257.5,73,0.12,0,73,0.12,-17.5,-0.03,235.5,0.02,73
54,Entry short,2026-09-07 09:46,Short,29628.75,1,59257.5,73,0.12,0,73,0.12,-17.5,-0.03,235.5,0.02,73
55,Exit short,2026-09-07 11:01,Session End,29592.75,1,59257.5,72,0.12,0,76.5,0.13,-17.5,-0.03,307.5,0.03,75
55,Entry short,2026-09-07 09:46,Short,29628.75,1,59257.5,72,0.12,0,76.5,0.13,-17.5,-0.03,307.5,0.03,75