side,entry_ts,entry_idx,signal_idx,entry_price,stop_price,exit_price,exit_idx,reason,stop_dist,pnl_points_gross,net_usd,net_2x_usd,mae_points,mfe_points,day,entry_minute,overnight_high,overnight_low
1,2021-09-23T10:04:00-04:00,844,843,16723.5,16575.5,16703.0,1244,flat,148.0,-20.5,-43.0,-45.0,57.75,23.25,2021-09-23,604,16708.0,16575.5
-1,2021-09-27T09:35:00-04:00,935,934,16552.75,16799.5,16579.5,1364,flat,246.75,-26.75,-55.5,-57.5,78.0,68.75,2021-09-27,575,16799.5,16554.5
-1,2021-09-28T09:47:00-04:00,947,946,16320.0,16592.25,16164.0,1364,flat,272.25,156.0,310.0,308.0,41.25,179.25,2021-09-28,587,16592.25,16324.5
-1,2021-09-29T12:17:00-04:00,1097,1096,16155.25,16326.25,16163.25,1364,flat,171.0,-8.0,-18.0,-20.0,97.5,44.25,2021-09-29,737,16326.25,16157.0
-1,2021-09-30T11:41:00-04:00,1061,1060,16152.0,16284.0,16085.5,1364,flat,132.0,66.5,131.0,129.0,76.5,82.0,2021-09-30,701,16284.0,16154.5
-1,2021-10-01T10:24:00-04:00,984,983,15946.75,16143.25,16143.25,1206,stop,196.5,-196.5,-395.0,-397.0,199.0,9.75,2021-10-01,624,16143.25,15952.25
-1,2021-10-04T09:41:00-04:00,941,940,16029.25,16235.75,15887.25,1364,flat,206.5,142.0,282.0,280.0,5.75,261.5,2021-10-04,581,16235.75,16033.5
1,2021-10-05T09:32:00-04:00,932,931,15959.75,15810.0,16050.0,1364,flat,149.75,90.25,178.5,176.5,63.25,194.75,2021-10-05,572,15949.25,15810.0
1,2021-10-06T10:31:00-04:00,991,990,16080.75,15822.25,16166.75,1364,flat,258.5,86.0,170.0,168.0,113.25,89.25,2021-10-06,631,16074.75,15822.25
1,2021-10-07T10:00:00-04:00,960,959,16355.5,16165.0,16299.25,1364,flat,190.5,-56.25,-114.5,-116.5,87.0,45.75,2021-10-07,600,16352.0,16165.0
-1,2021-10-08T10:42:00-04:00,1002,1001,16234.75,16398.0,16203.0,1364,flat,163.25,31.75,61.5,59.5,41.25,43.75,2021-10-08,642,16398.0,16235.5
1,2021-10-11T09:46:00-04:00,946,945,16236.75,16081.25,16081.25,1358,stop,155.5,-155.5,-313.0,-315.0,157.75,60.0,2021-10-11,586,16228.75,16081.25
1,2021-10-13T09:32:00-04:00,932,931,16166.0,15990.25,16167.0,1364,flat,175.75,1.0,0.0,-2.0,104.75,30.0,2021-10-13,572,16155.0,15990.25
1,2021-10-14T09:48:00-04:00,948,947,16349.25,16166.75,16463.75,1364,flat,182.5,114.5,227.0,225.0,15.25,122.25,2021-10-14,588,16348.5,16166.75
1,2021-10-15T11:01:00-04:00,1021,1020,16513.0,16420.75,16541.5,1364,flat,92.25,28.5,55.0,53.0,54.5,29.0,2021-10-15,661,16512.25,16420.75
1,2021-10-18T10:55:00-04:00,1015,1014,16569.0,16438.5,16693.75,1364,flat,130.5,124.75,247.5,245.5,5.0,131.0,2021-10-18,655,16566.75,16438.5
1,2021-10-19T10:57:00-04:00,1017,1016,16773.0,16669.5,16815.5,1364,flat,103.5,42.5,83.0,81.0,13.5,55.5,2021-10-19,657,16770.0,16669.5
1,2021-10-20T09:39:00-04:00,939,938,16824.0,16766.25,16766.25,1148,stop,57.75,-57.75,-117.5,-119.5,57.75,22.75,2021-10-20,579,16821.5,16766.25
1,2021-10-21T09:41:00-04:00,941,940,16768.25,16700.75,16774.0,1364,flat,67.5,5.75,9.5,7.5,2.25,115.5,2021-10-21,581,16767.25,16700.75
1,2021-10-22T10:30:00-04:00,990,989,16862.75,16773.0,16773.0,1036,stop,89.75,-89.75,-181.5,-183.5,100.5,1.0,2021-10-22,630,16859.5,16773.0
1,2021-10-25T09:32:00-04:00,932,931,16813.5,16696.5,16940.0,1364,flat,117.0,126.5,251.0,249.0,91.25,132.25,2021-10-25,572,16807.25,16696.5
1,2021-10-26T09:34:00-04:00,934,933,17025.5,16923.75,16923.75,1125,stop,101.75,-101.75,-205.5,-207.5,105.5,75.5,2021-10-26,574,17013.25,16923.75
1,2021-10-27T09:42:00-04:00,942,941,16997.0,16907.25,16983.0,1364,flat,89.75,-14.0,-30.0,-32.0,35.0,120.25,2021-10-27,582,16993.0,16907.25
1,2021-10-28T09:47:00-04:00,947,946,17091.5,16991.25,17064.0,1364,flat,100.25,-27.5,-57.0,-59.0,65.5,86.25,2021-10-28,587,17089.0,16991.25
1,2021-10-29T10:08:00-04:00,968,967,17094.75,16995.0,17253.0,1364,flat,99.75,158.25,314.5,312.5,26.5,165.75,2021-10-29,608,17092.5,16995.0
-1,2021-11-01T09:32:00-04:00,932,931,17239.75,17314.75,17288.5,1364,flat,75.0,-48.75,-99.5,-101.5,59.0,71.0,2021-11-01,572,17314.75,17250.75
1,2021-11-02T09:37:00-04:00,937,936,17305.5,17249.5,17360.25,1364,flat,56.0,54.75,107.5,105.5,11.25,74.75,2021-11-02,577,17296.75,17249.5
1,2021-11-03T14:01:00-04:00,1201,1200,17405.5,17337.5,17525.0,1364,flat,68.0,119.5,237.0,235.0,33.75,140.5,2021-11-03,841,17389.0,17337.5
1,2021-11-04T09:47:00-04:00,947,946,17619.0,17528.0,17734.5,1364,flat,91.0,115.5,229.0,227.0,1.0,159.5,2021-11-04,587,17615.75,17528.0
1,2021-11-05T09:36:00-04:00,936,935,17832.5,17702.25,17702.25,1169,stop,130.25,-130.25,-262.5,-264.5,140.0,16.0,2021-11-05,576,17824.25,17702.25
1,2021-11-08T09:36:00-05:00,936,935,17784.0,17665.0,17725.0,1364,flat,119.0,-59.0,-120.0,-122.0,82.0,10.25,2021-11-08,576,17774.5,17665.0
-1,2021-11-09T09:57:00-05:00,957,956,17670.25,17788.0,17597.5,1364,flat,117.75,72.75,143.5,141.5,16.25,110.25,2021-11-09,597,17788.0,17682.0
-1,2021-11-10T09:33:00-05:00,933,932,17448.0,17643.0,17382.75,1364,flat,195.0,65.25,128.5,126.5,171.5,150.25,2021-11-10,573,17643.0,17480.25
-1,2021-11-12T09:37:00-05:00,937,936,17426.0,17493.75,17493.75,1010,stop,67.75,-67.75,-137.5,-139.5,68.25,24.25,2021-11-12,577,17493.75,17433.0
-1,2021-11-15T09:52:00-05:00,952,951,17590.0,17676.5,17594.5,1364,flat,86.5,-4.5,-11.0,-13.0,41.75,107.25,2021-11-15,592,17676.5,17606.0
1,2021-11-16T09:36:00-05:00,936,935,17629.0,17542.5,17695.25,1364,flat,86.5,66.25,130.5,128.5,34.5,94.75,2021-11-16,576,17626.5,17542.5
1,2021-11-17T10:40:00-05:00,1000,999,17744.75,17673.25,17716.75,1364,flat,71.5,-28.0,-58.0,-60.0,60.75,54.0,2021-11-17,640,17732.25,17673.25
1,2021-11-18T09:48:00-05:00,948,947,17816.0,17720.0,17720.0,979,stop,96.0,-96.0,-194.0,-196.0,97.75,5.75,2021-11-18,588,17810.25,17720.0
1,2021-11-19T09:57:00-05:00,957,956,17990.5,17890.0,17983.5,1364,flat,100.5,-7.0,-16.0,-18.0,56.75,38.0,2021-11-19,597,17989.75,17890.0
1,2021-11-22T09:32:00-05:00,932,931,18069.75,17982.5,17982.5,1063,stop,87.25,-87.25,-176.5,-178.5,87.75,97.75,2021-11-22,572,18062.0,17982.5
1,2021-11-23T09:54:00-05:00,954,953,17816.0,17674.5,17674.5,973,stop,141.5,-141.5,-285.0,-287.0,150.75,2.75,2021-11-23,594,17814.75,17674.5
-1,2021-11-24T09:32:00-05:00,932,931,17564.75,17756.25,17756.25,1276,stop,191.5,-191.5,-385.0,-387.0,194.5,62.75,2021-11-24,572,17756.25,17572.5
1,2021-11-29T09:31:00-05:00,931,930,17667.75,17437.0,17810.25,1364,flat,230.75,142.5,283.0,281.0,59.75,170.0,2021-11-29,571,17658.0,17437.0
1,2021-11-30T10:07:00-05:00,967,966,17843.5,17638.0,17638.0,1012,stop,205.5,-205.5,-413.0,-415.0,213.0,13.0,2021-11-30,607,17841.0,17638.0
1,2021-12-01T11:14:00-05:00,1034,1033,17807.0,17582.25,17582.25,1183,stop,224.75,-224.75,-451.5,-453.5,225.5,20.75,2021-12-01,674,17803.75,17582.25
1,2021-12-02T09:55:00-05:00,955,954,17399.5,17191.0,17191.0,1003,stop,208.5,-208.5,-419.0,-421.0,216.5,27.5,2021-12-02,595,17393.25,17191.0
-1,2021-12-03T09:55:00-05:00,955,954,17234.5,17521.75,17082.25,1364,flat,287.25,152.25,302.5,300.5,48.0,296.5,2021-12-03,595,17521.75,17261.75
-1,2021-12-06T09:37:00-05:00,937,936,16989.25,17209.0,17209.0,1134,stop,219.75,-219.75,-441.5,-443.5,223.25,30.0,2021-12-06,577,17209.0,16991.75
1,2021-12-07T09:36:00-05:00,936,935,17570.5,17225.0,17773.75,1364,flat,345.5,203.25,404.5,402.5,48.75,204.5,2021-12-07,576,17567.25,17225.0
-1,2021-12-08T09:31:00-05:00,931,930,17701.0,17836.0,17781.5,1364,flat,135.0,-80.5,-163.0,-165.0,96.5,49.5,2021-12-08,571,17836.0,17715.5
-1,2021-12-09T10:28:00-05:00,988,987,17698.25,17820.0,17551.5,1364,flat,121.75,146.75,291.5,289.5,46.25,178.0,2021-12-09,628,17820.0,17703.0
-1,2021-12-13T09:31:00-05:00,931,930,17710.5,17811.0,17483.5,1364,flat,100.5,227.0,452.0,450.0,19.5,249.75,2021-12-13,571,17811.0,17721.25
-1,2021-12-14T10:14:00-05:00,974,973,17270.25,17530.25,17327.5,1364,flat,260.0,-57.25,-116.5,-118.5,93.25,138.5,2021-12-14,614,17530.25,17277.25
-1,2021-12-15T09:49:00-05:00,949,948,17243.0,17365.5,17365.5,1212,stop,122.5,-122.5,-247.0,-249.0,127.5,105.5,2021-12-15,589,17365.5,17245.75
-1,2021-12-16T09:38:00-05:00,938,937,17667.5,17854.25,17272.25,1364,flat,186.75,395.25,788.5,786.5,10.75,477.5,2021-12-16,578,17854.25,17674.25
1,2021-12-17T10:53:00-05:00,1013,1012,17294.5,17058.5,17225.0,1364,flat,236.0,-69.5,-141.0,-143.0,156.0,59.5,2021-12-17,653,17294.5,17058.5
-1,2021-12-20T11:37:00-05:00,1057,1056,16891.5,17249.0,17078.25,1364,flat,357.5,-186.75,-375.5,-377.5,197.75,2.5,2021-12-20,697,17249.0,16900.75
-1,2021-12-21T09:55:00-05:00,955,954,17068.0,17224.5,17224.5,1108,stop,156.5,-156.5,-315.0,-317.0,165.0,65.5,2021-12-21,595,17224.5,17068.25
1,2021-12-22T09:44:00-05:00,944,943,17393.75,17279.5,17577.75,1364,flat,114.25,184.0,366.0,364.0,47.0,185.25,2021-12-22,584,17392.25,17279.5
1,2021-12-23T09:36:00-05:00,936,935,17619.25,17542.5,17698.0,1364,flat,76.75,78.75,155.5,153.5,35.5,133.75,2021-12-23,576,17618.0,17542.5
1,2021-12-27T09:32:00-05:00,932,931,17791.0,17701.5,17973.75,1364,flat,89.5,182.75,363.5,361.5,1.0,187.0,2021-12-27,572,17782.25,17701.5
-1,2021-12-28T09:40:00-05:00,940,939,17922.5,18055.75,17912.25,1364,flat,133.25,10.25,18.5,16.5,70.5,72.0,2021-12-28,580,18055.75,17930.5
-1,2021-12-29T10:12:00-05:00,972,971,17858.75,17961.25,17878.75,1364,flat,102.5,-20.0,-42.0,-44.0,63.0,73.75,2021-12-29,612,17961.25,17867.25
1,2021-12-30T10:15:00-05:00,975,974,17949.25,17839.0,17839.0,1310,stop,110.25,-110.25,-222.5,-224.5,125.75,15.5,2021-12-30,615,17940.75,17839.0
1,2021-12-31T09:34:00-05:00,934,933,17843.75,17748.25,17748.25,1098,stop,95.5,-95.5,-193.0,-195.0,99.25,17.5,2021-12-31,574,17843.25,17748.25
1,2022-01-03T09:38:00-05:00,938,937,17875.0,17752.25,17752.25,948,stop,122.75,-122.75,-247.5,-249.5,129.5,5.0,2022-01-03,578,17849.75,17752.25
-1,2022-01-04T09:34:00-05:00,934,933,17870.5,17961.25,17655.25,1364,flat,90.75,215.25,428.5,426.5,30.0,333.5,2022-01-04,574,17961.25,17874.5
-1,2022-01-05T09:33:00-05:00,933,932,17523.25,17667.25,17161.75,1364,flat,144.0,361.5,721.0,719.0,121.75,370.75,2022-01-05,573,17667.25,17569.0
1,2022-01-06T09:37:00-05:00,937,936,17228.75,17018.25,17018.25,967,stop,210.5,-210.5,-423.0,-425.0,213.5,19.0,2022-01-06,577,17210.25,17018.25
-1,2022-01-07T10:39:00-05:00,999,998,17017.0,17250.5,16974.5,1364,flat,233.5,42.5,83.0,81.0,53.25,109.5,2022-01-07,639,17250.5,17021.75
-1,2022-01-10T09:33:00-05:00,933,932,16727.75,17066.0,17015.75,1364,flat,338.25,-288.0,-578.0,-580.0,292.5,178.0,2022-01-10,573,17066.0,16753.0
-1,2022-01-11T09:32:00-05:00,932,931,16914.25,17133.75,17133.75,1035,stop,219.5,-219.5,-441.0,-443.0,220.25,42.5,2022-01-11,572,17133.75,16941.0
1,2022-01-12T09:33:00-05:00,933,932,17379.0,17159.75,17299.5,1364,flat,219.25,-79.5,-161.0,-163.0,184.5,27.75,2022-01-12,573,17376.75,17159.75
1,2022-01-13T09:40:00-05:00,940,939,17362.75,17217.25,17217.25,992,stop,145.5,-145.5,-293.0,-295.0,149.0,13.75,2022-01-13,580,17359.0,17217.25
1,2022-01-14T09:56:00-05:00,956,955,16985.5,16709.5,17011.25,1364,flat,276.0,25.75,49.5,47.5,184.25,26.5,2022-01-14,596,16951.75,16709.5
-1,2022-01-18T11:32:00-05:00,1052,1051,16659.0,17000.0,16632.0,1364,flat,341.0,27.0,52.0,50.0,102.0,91.0,2022-01-18,692,17000.0,16667.25
1,2022-01-19T09:38:00-05:00,938,937,16723.0,16448.0,16448.0,1315,stop,275.0,-275.0,-552.0,-554.0,279.75,46.5,2022-01-19,578,16719.75,16448.0
1,2022-01-20T09:32:00-05:00,932,931,16609.75,16390.5,16390.5,1283,stop,219.25,-219.25,-440.5,-442.5,234.0,128.0,2022-01-20,572,16603.5,16390.5
-1,2022-01-21T10:13:00-05:00,973,972,15992.75,16213.75,16213.75,1012,stop,221.0,-221.0,-444.0,-446.0,221.25,63.25,2022-01-21,613,16213.75,16000.0
-1,2022-01-24T09:52:00-05:00,952,951,15467.25,15977.0,15874.25,1364,flat,509.75,-407.0,-816.0,-818.0,455.0,363.75,2022-01-24,592,15977.0,15502.75
-1,2022-01-25T09:48:00-05:00,948,947,15525.75,15896.5,15364.25,1364,flat,370.75,161.5,321.0,319.0,272.75,165.5,2022-01-25,588,15896.5,15527.5
1,2022-01-26T10:04:00-05:00,964,963,15907.75,15341.0,15521.0,1364,flat,566.75,-386.75,-775.5,-777.5,533.75,131.75,2022-01-26,604,15903.75,15341.0
1,2022-01-27T09:33:00-05:00,933,932,15740.25,15242.5,15492.75,1364,flat,497.75,-247.5,-497.0,-499.0,395.75,66.75,2022-01-27,573,15735.5,15242.5
1,2022-01-28T11:11:00-05:00,1031,1030,15582.5,15228.0,15827.0,1364,flat,354.5,244.5,487.0,485.0,126.75,257.25,2022-01-28,671,15580.75,15228.0
1,2022-01-31T09:40:00-05:00,940,939,15949.25,15750.75,16257.25,1364,flat,198.5,308.0,614.0,612.0,40.25,362.5,2022-01-31,580,15945.25,15750.75
-1,2022-02-01T09:44:00-05:00,944,943,16196.75,16363.5,16363.5,1291,stop,166.75,-166.75,-335.5,-337.5,170.25,70.25,2022-02-01,584,16363.5,16214.75
-1,2022-02-02T09:43:00-05:00,943,942,16483.75,16658.75,16268.5,1364,flat,175.0,215.25,428.5,426.5,82.25,261.25,2022-02-02,583,16658.75,16501.0
-1,2022-02-03T12:00:00-05:00,1080,1079,16064.0,16267.25,16182.75,1364,flat,203.25,-118.75,-239.5,-241.5,137.0,210.25,2022-02-03,720,16267.25,16072.25
1,2022-02-07T09:42:00-05:00,942,941,16168.0,15997.25,15997.25,1059,stop,170.75,-170.75,-343.5,-345.5,173.5,35.75,2022-02-07,582,16157.0,15997.25
-1,2022-02-08T10:02:00-05:00,962,961,15874.75,16019.5,16019.5,1013,stop,144.75,-144.75,-291.5,-293.5,145.25,9.75,2022-02-08,602,16019.5,15881.25
1,2022-02-09T11:00:00-05:00,1020,1019,16344.5,16137.25,16454.75,1364,flat,207.25,110.25,218.5,216.5,37.75,120.75,2022-02-09,660,16344.0,16137.25
-1,2022-02-10T14:59:00-05:00,1259,1258,16114.75,16458.75,16071.5,1364,flat,344.0,43.25,84.5,82.5,55.75,95.5,2022-02-10,899,16458.75,16118.25
1,2022-02-11T09:33:00-05:00,933,932,16138.25,15924.75,15924.75,1061,stop,213.5,-213.5,-429.0,-431.0,216.0,25.75,2022-02-11,573,16136.0,15924.75
1,2022-02-14T09:52:00-05:00,952,951,15712.25,15428.0,15651.75,1364,flat,284.25,-60.5,-123.0,-125.0,212.75,79.0,2022-02-14,592,15693.75,15428.0
1,2022-02-15T15:03:00-05:00,1263,1262,15977.25,15620.5,15982.5,1364,flat,356.75,5.25,8.5,6.5,56.0,35.0,2022-02-15,903,15971.25,15620.5
-1,2022-02-16T09:31:00-05:00,931,930,15890.25,16065.75,15987.0,1364,flat,175.5,-96.75,-195.5,-197.5,152.0,112.0,2022-02-16,571,16065.75,15893.75
-1,2022-02-17T09:47:00-05:00,947,946,15822.75,16017.0,15556.5,1364,flat,194.25,266.25,530.5,528.5,9.0,292.0,2022-02-17,587,16017.0,15839.5
-1,2022-02-18T09:41:00-05:00,941,940,15511.75,15696.25,15412.25,1364,flat,184.5,99.5,197.0,195.0,106.75,208.5,2022-02-18,581,15696.25,15525.75
1,2022-02-22T09:43:00-05:00,943,942,15376.0,14989.5,15343.25,1364,flat,386.5,-32.75,-67.5,-69.5,268.25,130.0,2022-02-22,583,15363.75,14989.5
-1,2022-02-23T09:54:00-05:00,954,953,15305.25,15466.25,14884.25,1364,flat,161.0,421.0,840.0,838.0,18.25,436.75,2022-02-23,594,15466.25,15309.25
1,2022-02-24T11:14:00-05:00,1034,1033,14915.25,14423.0,15295.5,1364,flat,492.25,380.25,758.5,756.5,114.5,465.5,2022-02-24,674,14915.0,14423.0
1,2022-02-25T11:20:00-05:00,1040,1039,15531.5,15156.5,15584.75,1364,flat,375.0,53.25,104.5,102.5,97.25,62.25,2022-02-25,680,15504.75,15156.5
1,2022-02-28T09:31:00-05:00,931,930,15489.5,15088.25,15618.5,1364,flat,401.25,129.0,256.0,254.0,97.0,200.25,2022-02-28,571,15466.75,15088.25
-1,2022-03-01T11:39:00-05:00,1059,1058,15461.0,15724.75,15418.75,1364,flat,263.75,42.25,82.5,80.5,55.0,163.75,2022-03-01,699,15724.75,15467.5
1,2022-03-02T11:08:00-05:00,1028,1027,15552.25,15309.25,15577.25,1364,flat,243.0,25.0,48.0,46.0,19.25,138.25,2022-03-02,668,15541.75,15309.25
-1,2022-03-03T10:22:00-05:00,982,981,15551.0,15788.5,15442.75,1364,flat,237.5,108.25,214.5,212.5,61.0,198.75,2022-03-03,622,15788.5,15555.5
-1,2022-03-04T11:13:00-05:00,1033,1032,15134.75,15483.25,15204.5,1364,flat,348.5,-69.75,-141.5,-143.5,197.0,4.0,2022-03-04,673,15483.25,15144.0
1,2022-03-07T09:31:00-05:00,931,930,15257.5,14924.25,14924.25,1082,stop,333.25,-333.25,-668.5,-670.5,337.5,19.5,2022-03-07,571,15245.0,14924.25
1,2022-03-08T12:14:00-05:00,1094,1093,14824.5,14502.5,14584.5,1364,flat,322.0,-240.0,-482.0,-484.0,243.5,239.0,2022-03-08,734,14819.75,14502.5
1,2022-03-09T10:36:00-05:00,996,995,15047.75,14589.25,15205.75,1364,flat,458.5,158.0,314.0,312.0,70.0,172.0,2022-03-09,636,15041.5,14589.25
-1,2022-03-10T09:33:00-05:00,933,932,14898.75,15177.25,14970.5,1364,flat,278.5,-71.75,-145.5,-147.5,134.0,105.25,2022-03-10,573,15177.25,14906.0
-1,2022-03-11T11:33:00-05:00,1053,1052,14831.5,15258.75,14717.5,1364,flat,427.25,114.0,226.0,224.0,83.75,152.25,2022-03-11,693,15258.75,14852.0
1,2022-03-15T09:31:00-04:00,931,930,14564.0,14315.5,14823.25,1364,flat,248.5,259.25,516.5,514.5,103.25,296.5,2022-03-15,571,14558.0,14315.5
1,2022-03-16T09:47:00-04:00,947,946,15110.25,14790.75,15396.0,1364,flat,319.5,285.75,569.5,567.5,273.5,289.25,2022-03-16,587,15094.0,14790.75
-1,2022-03-17T09:33:00-04:00,933,932,15200.75,15395.5,15395.5,1167,stop,194.75,-194.75,-391.5,-393.5,203.5,0.0,2022-03-17,573,15395.5,15206.25
1,2022-03-18T09:46:00-04:00,946,945,15463.25,15341.0,15807.5,1364,flat,122.25,344.25,686.5,684.5,12.25,351.25,2022-03-18,586,15446.75,15341.0
1,2022-03-21T09:42:00-04:00,942,941,15831.75,15681.25,15681.25,954,stop,150.5,-150.5,-303.0,-305.0,162.5,8.75,2022-03-21,582,15808.5,15681.25
1,2022-03-22T09:37:00-04:00,937,936,15826.75,15666.25,16034.25,1364,flat,160.5,207.5,413.0,411.0,51.5,239.0,2022-03-22,577,15822.0,15666.25
-1,2022-03-23T09:33:00-04:00,933,932,15883.75,16050.75,16050.75,1082,stop,167.0,-167.0,-336.0,-338.0,167.75,49.25,2022-03-23,573,16050.75,15893.5
-1,2022-03-24T10:31:00-04:00,991,990,15815.25,15945.75,15945.75,1021,stop,130.5,-130.5,-263.0,-265.0,138.25,0.0,2022-03-24,631,15945.75,15821.75
-1,2022-03-25T11:09:00-04:00,1029,1028,16056.0,16215.0,16126.75,1364,flat,159.0,-70.75,-143.5,-145.5,77.0,109.75,2022-03-25,669,16215.0,16067.25
1,2022-03-28T09:36:00-04:00,936,935,16198.0,16032.5,16353.75,1364,flat,165.5,155.75,309.5,307.5,123.25,172.25,2022-03-28,576,16186.0,16032.5
1,2022-03-29T09:32:00-04:00,932,931,16562.25,16330.0,16601.25,1364,flat,232.25,39.0,76.0,74.0,155.5,80.5,2022-03-29,572,16547.25,16330.0
-1,2022-03-30T11:07:00-04:00,1027,1026,16498.5,16636.25,16480.25,1364,flat,137.75,18.25,34.5,32.5,72.0,112.75,2022-03-30,667,16636.25,16501.25
-1,2022-03-31T09:31:00-04:00,931,930,16443.75,16554.75,16294.25,1364,flat,111.0,149.5,297.0,295.0,25.75,214.5,2022-03-31,571,16554.75,16446.25
-1,2022-04-01T09:40:00-04:00,940,939,16242.0,16333.0,16217.0,1364,flat,91.0,25.0,48.0,46.0,30.5,142.75,2022-04-01,580,16333.0,16249.75
1,2022-04-04T09:37:00-04:00,937,936,16320.25,16175.75,16546.25,1364,flat,144.5,226.0,450.0,448.0,10.0,227.5,2022-04-04,577,16312.75,16175.75
-1,2022-04-05T09:37:00-04:00,937,936,16461.25,16573.0,16220.75,1364,flat,111.75,240.5,479.0,477.0,34.25,307.5,2022-04-05,577,16573.0,16474.25
-1,2022-04-06T09:41:00-04:00,941,940,15950.5,16237.75,15871.75,1364,flat,287.25,78.75,155.5,153.5,75.75,181.25,2022-04-06,581,16237.75,15954.75
-1,2022-04-07T11:12:00-04:00,1032,1031,15805.0,15977.5,15977.5,1266,stop,172.5,-172.5,-347.0,-349.0,175.5,113.0,2022-04-07,672,15977.5,15807.25
-1,2022-04-08T09:31:00-04:00,931,930,15826.75,16016.25,15708.0,1364,flat,189.5,118.75,235.5,233.5,45.0,142.5,2022-04-08,571,16016.25,15835.0
-1,2022-04-11T09:35:00-04:00,935,934,15498.75,15753.5,15377.25,1364,flat,254.75,121.5,241.0,239.0,72.0,140.5,2022-04-11,575,15753.5,15501.75
-1,2022-04-12T15:09:00-04:00,1269,1268,15267.25,15657.75,15325.0,1364,flat,390.5,-57.75,-117.5,-119.5,83.5,13.5,2022-04-12,909,15657.75,15276.25
1,2022-04-13T10:31:00-04:00,991,990,15480.0,15300.0,15593.5,1364,flat,180.0,113.5,225.0,223.0,64.0,160.5,2022-04-13,631,15473.75,15300.0
-1,2022-04-14T09:41:00-04:00,941,940,15539.75,15669.75,15261.75,1364,flat,130.0,278.0,554.0,552.0,5.0,290.0,2022-04-14,581,15669.75,15550.25
1,2022-04-18T09:32:00-04:00,932,931,15281.75,15103.0,15347.0,1364,flat,178.75,65.25,128.5,126.5,122.0,94.25,2022-04-18,572,15268.25,15103.0
1,2022-04-19T10:03:00-04:00,963,962,15397.5,15201.75,15465.75,1364,flat,195.75,68.25,134.5,132.5,11.25,217.0,2022-04-19,603,15393.25,15201.75
-1,2022-04-20T10:08:00-04:00,968,967,15417.5,15671.75,15432.75,1364,flat,254.25,-15.25,-32.5,-34.5,105.0,85.5,2022-04-20,608,15671.75,15418.0
1,2022-04-21T09:31:00-04:00,931,930,15570.75,15428.25,15428.25,1052,stop,142.5,-142.5,-287.0,-289.0,144.75,86.0,2022-04-21,571,15567.5,15428.25
-1,2022-04-22T10:22:00-04:00,982,981,14975.75,15152.75,14689.5,1364,flat,177.0,286.25,570.5,568.5,70.5,306.25,2022-04-22,622,15152.75,14986.0
1,2022-04-25T10:25:00-04:00,985,984,14737.5,14557.5,14902.75,1364,flat,180.0,165.25,328.5,326.5,123.25,186.25,2022-04-25,625,14733.75,14557.5
-1,2022-04-26T09:32:00-04:00,932,931,14781.25,14958.25,14183.5,1364,flat,177.0,597.75,1193.5,1191.5,1.75,604.5,2022-04-26,572,14958.25,14801.0
1,2022-04-27T09:44:00-04:00,944,943,14567.75,14233.75,14524.5,1364,flat,334.0,-43.25,-88.5,-90.5,263.5,61.0,2022-04-27,584,14557.75,14233.75
-1,2022-04-28T09:45:00-04:00,945,944,14494.75,14721.0,14721.0,1126,stop,226.25,-226.25,-454.5,-456.5,238.0,87.5,2022-04-28,585,14721.0,14506.75
1,2022-04-29T10:00:00-04:00,960,959,14795.5,14490.75,14490.75,1088,stop,304.75,-304.75,-611.5,-613.5,307.5,9.0,2022-04-29,600,14794.5,14490.75
-1,2022-05-02T09:38:00-04:00,938,937,14141.25,14354.0,14354.0,989,stop,212.75,-212.75,-427.5,-429.5,226.75,25.0,2022-05-02,578,14354.0,14142.5
-1,2022-05-03T09:46:00-04:00,946,945,14343.75,14545.25,14545.25,1184,stop,201.5,-201.5,-405.0,-407.0,210.5,2.0,2022-05-03,586,14545.25,14376.25
-1,2022-05-04T09:35:00-04:00,935,934,14446.75,14528.25,14528.25,1198,stop,81.5,-81.5,-165.0,-167.0,99.5,191.0,2022-05-04,575,14528.25,14454.5
-1,2022-05-05T09:31:00-04:00,931,930,14699.25,14921.5,14278.0,1364,flat,222.25,421.25,840.5,838.5,12.5,621.5,2022-05-05,571,14921.5,14706.5
-1,2022-05-06T09:34:00-04:00,934,933,14068.5,14268.25,14268.25,1042,stop,199.75,-199.75,-401.5,-403.5,228.0,175.5,2022-05-06,574,14268.25,14081.5
-1,2022-05-09T10:32:00-04:00,992,991,13706.25,14010.5,13574.75,1364,flat,304.25,131.5,261.0,259.0,86.25,201.0,2022-05-09,632,14010.5,13716.5
1,2022-05-10T09:31:00-04:00,931,930,13908.25,13475.5,13705.0,1364,flat,432.75,-203.25,-408.5,-410.5,364.5,12.75,2022-05-10,571,13892.25,13475.5
-1,2022-05-11T13:07:00-04:00,1147,1146,13450.0,13927.5,13392.0,1364,flat,477.5,58.0,114.0,112.0,91.0,137.75,2022-05-11,787,13927.5,13474.0
-1,2022-05-12T09:35:00-04:00,935,934,13113.5,13446.0,13446.0,1016,stop,332.5,-332.5,-667.0,-669.0,337.5,47.0,2022-05-12,575,13446.0,13130.5
1,2022-05-13T09:51:00-04:00,951,950,13594.75,13263.75,13754.5,1364,flat,331.0,159.75,317.5,315.5,13.75,211.0,2022-05-13,591,13581.75,13263.75
-1,2022-05-16T09:47:00-04:00,947,946,13602.0,13872.75,13608.25,1364,flat,270.75,-6.25,-14.5,-16.5,172.5,38.5,2022-05-16,587,13872.75,13604.5
1,2022-05-17T15:03:00-04:00,1263,1262,13924.25,13603.75,13945.0,1364,flat,320.5,20.75,39.5,37.5,39.5,28.25,2022-05-17,903,13917.75,13603.75
-1,2022-05-18T09:31:00-04:00,931,930,13728.75,13967.25,13255.25,1364,flat,238.5,473.5,945.0,943.0,44.75,491.75,2022-05-18,571,13967.25,13731.25
1,2022-05-19T09:38:00-04:00,938,937,13348.0,13078.0,13269.0,1364,flat,270.0,-79.0,-160.0,-162.0,178.75,102.75,2022-05-19,578,13326.75,13078.0
-1,2022-05-20T10:22:00-04:00,982,981,13253.5,13470.25,13207.75,1364,flat,216.75,45.75,89.5,87.5,73.75,388.5,2022-05-20,622,13470.25,13256.75
-1,2022-05-23T09:37:00-04:00,937,936,13230.75,13419.5,13419.5,1087,stop,188.75,-188.75,-379.5,-381.5,190.0,73.25,2022-05-23,577,13419.5,13230.75
-1,2022-05-24T09:44:00-04:00,944,943,13124.0,13309.75,13161.5,1364,flat,185.75,-37.5,-77.0,-79.0,81.5,174.0,2022-05-24,584,13309.75,13127.5
1,2022-05-25T10:34:00-04:00,994,993,13271.5,13044.75,13247.5,1364,flat,226.75,-24.0,-50.0,-52.0,126.75,135.5,2022-05-25,634,13265.75,13044.75
1,2022-05-26T09:39:00-04:00,939,938,13415.75,13222.25,13633.25,1364,flat,193.5,217.5,433.0,431.0,26.75,301.5,2022-05-26,579,13394.25,13222.25
1,2022-05-27T09:32:00-04:00,932,931,13826.0,13595.75,14091.75,1364,flat,230.25,265.75,529.5,527.5,7.75,267.75,2022-05-27,572,13810.75,13595.75
-1,2022-05-31T09:35:00-04:00,935,934,13954.25,14199.25,14029.75,1364,flat,245.0,-75.5,-153.0,-155.0,187.75,100.5,2022-05-31,575,14199.25,13968.75
1,2022-06-01T09:31:00-04:00,931,930,14126.25,13955.5,13955.5,995,stop,170.75,-170.75,-343.5,-345.5,183.0,70.75,2022-06-01,571,14116.0,13955.5
-1,2022-06-02T09:31:00-04:00,931,930,13855.25,14029.25,14029.25,1030,stop,174.0,-174.0,-350.0,-352.0,188.25,39.25,2022-06-02,571,14029.25,13861.0
-1,2022-06-03T09:31:00-04:00,931,930,14027.5,14318.75,13929.75,1364,flat,291.25,97.75,193.5,191.5,77.75,150.75,2022-06-03,571,14318.75,14044.0
1,2022-06-06T09:31:00-04:00,931,930,14152.0,13900.75,13973.0,1364,flat,251.25,-179.0,-360.0,-362.0,245.25,32.25,2022-06-06,571,14139.75,13900.75
1,2022-06-07T10:33:00-04:00,993,992,13989.0,13799.5,14057.5,1364,flat,189.5,68.5,135.0,133.0,53.5,125.25,2022-06-07,633,13988.25,13799.5
1,2022-06-08T09:49:00-04:00,949,948,14101.5,13998.0,13998.0,1120,stop,103.5,-103.5,-209.0,-211.0,103.5,55.75,2022-06-08,589,14096.25,13998.0
-1,2022-06-09T09:42:00-04:00,942,941,13897.75,14099.75,13656.25,1364,flat,202.0,241.5,481.0,479.0,149.25,268.5,2022-06-09,582,14099.75,13901.75
-1,2022-06-10T09:34:00-04:00,934,933,13372.25,13713.25,13232.75,1364,flat,341.0,139.5,277.0,275.0,65.75,175.75,2022-06-10,574,13713.25,13373.75
-1,2022-06-14T09:41:00-04:00,941,940,12752.0,12942.0,12764.25,1364,flat,190.0,-12.25,-26.5,-28.5,111.0,108.5,2022-06-14,581,12942.0,12752.0
1,2022-06-15T09:42:00-04:00,942,941,12940.5,12766.75,13040.5,1364,flat,173.75,100.0,198.0,196.0,160.0,261.25,2022-06-15,582,12924.0,12766.75
-1,2022-06-16T09:54:00-04:00,954,953,12674.75,13181.5,12589.5,1364,flat,506.75,85.25,168.5,166.5,23.75,198.5,2022-06-16,594,13181.5,12675.5
1,2022-06-17T09:52:00-04:00,952,951,12742.5,12569.0,12569.0,994,stop,173.5,-173.5,-349.0,-351.0,181.75,13.5,2022-06-17,592,12729.25,12569.0
1,2022-06-21T09:36:00-04:00,936,935,12966.75,12806.0,12994.25,1364,flat,160.75,27.5,53.0,51.0,2.25,119.25,2022-06-21,576,12954.25,12806.0
1,2022-06-22T09:55:00-04:00,955,954,13008.0,12728.0,12956.75,1364,flat,280.0,-51.25,-104.5,-106.5,61.0,146.0,2022-06-22,595,12988.0,12728.0
1,2022-06-23T10:41:00-04:00,1001,1000,13120.0,12868.0,13103.0,1364,flat,252.0,-17.0,-36.0,-38.0,165.5,54.75,2022-06-23,641,13114.0,12868.0
1,2022-06-24T09:33:00-04:00,933,932,13310.25,13091.75,13520.25,1364,flat,218.5,210.0,418.0,416.0,16.75,246.25,2022-06-24,573,13282.5,13091.75
-1,2022-06-27T09:42:00-04:00,942,941,13478.25,13670.25,13473.75,1364,flat,192.0,4.5,7.0,5.0,81.0,76.5,2022-06-27,582,13670.25,13479.5
1,2022-06-28T09:39:00-04:00,939,938,13574.25,13377.5,13377.5,992,stop,196.75,-196.75,-395.5,-397.5,209.75,7.5,2022-06-28,579,13566.0,13377.5
-1,2022-06-29T09:34:00-04:00,934,933,12996.75,13131.0,13131.0,962,stop,134.25,-134.25,-270.5,-272.5,153.5,25.25,2022-06-29,574,13131.0,13023.5
-1,2022-06-30T09:42:00-04:00,942,941,12861.5,13104.5,12934.0,1364,flat,243.0,-72.5,-147.0,-149.0,231.25,103.25,2022-06-30,582,13104.5,12869.0
1,2022-07-01T09:48:00-04:00,948,947,12964.25,12789.25,13018.75,1364,flat,175.0,54.5,107.0,105.0,155.5,73.0,2022-07-01,588,12963.75,12789.25
-1,2022-07-05T09:32:00-04:00,932,931,12820.5,13156.25,13156.25,1235,stop,335.75,-335.75,-673.5,-675.5,340.25,24.25,2022-07-05,572,13156.25,12839.25
1,2022-07-06T10:09:00-04:00,969,968,13283.5,13135.75,13306.5,1364,flat,147.75,23.0,44.0,42.0,122.75,98.0,2022-07-06,609,13281.5,13135.75
1,2022-07-07T09:35:00-04:00,935,934,13397.75,13244.75,13527.25,1364,flat,153.0,129.5,257.0,255.0,7.25,178.5,2022-07-07,575,13371.0,13244.75
1,2022-07-08T10:37:00-04:00,997,996,13554.5,13360.25,13567.0,1364,flat,194.25,12.5,23.0,21.0,108.0,64.0,2022-07-08,637,13538.0,13360.25
-1,2022-07-11T09:36:00-04:00,936,935,13387.25,13562.5,13317.5,1364,flat,175.25,69.75,137.5,135.5,25.0,126.75,2022-07-11,576,13562.5,13404.0
1,2022-07-12T09:32:00-04:00,932,931,13383.5,13166.75,13166.75,1272,stop,216.75,-216.75,-435.5,-437.5,223.25,49.5,2022-07-12,572,13360.75,13166.75
-1,2022-07-14T09:34:00-04:00,934,933,13003.0,13172.75,13172.75,1218,stop,169.75,-169.75,-341.5,-343.5,188.25,84.5,2022-07-14,574,13172.75,13008.75
1,2022-07-15T09:31:00-04:00,931,930,13355.75,13148.5,13420.5,1364,flat,207.25,64.75,127.5,125.5,94.75,73.5,2022-07-15,571,13340.0,13148.5
1,2022-07-18T10:02:00-04:00,962,961,13589.25,13436.0,13436.0,1189,stop,153.25,-153.25,-308.5,-310.5,157.5,3.25,2022-07-18,602,13588.0,13436.0
1,2022-07-19T09:59:00-04:00,959,958,13475.75,13297.0,13726.25,1364,flat,178.75,250.5,499.0,497.0,56.0,260.5,2022-07-19,599,13471.5,13297.0
1,2022-07-20T10:32:00-04:00,992,991,13813.0,13643.5,13840.75,1364,flat,169.5,27.75,53.5,51.5,48.0,112.0,2022-07-20,632,13812.5,13643.5
-1,2022-07-21T10:26:00-04:00,986,985,13802.5,13967.75,13967.75,1083,stop,165.25,-165.25,-332.5,-334.5,168.0,21.5,2022-07-21,626,13967.75,13802.75
1,2022-07-22T09:38:00-04:00,938,937,14029.5,13930.5,13930.5,1042,stop,99.0,-99.0,-200.0,-202.0,107.5,75.0,2022-07-22,578,14026.75,13930.5
-1,2022-07-25T09:36:00-04:00,936,935,13790.5,13906.25,13738.0,1364,flat,115.75,52.5,103.0,101.0,47.0,116.5,2022-07-25,576,13906.25,13792.5
-1,2022-07-26T09:33:00-04:00,933,932,13653.25,13741.5,13580.0,1364,flat,88.25,73.25,144.5,142.5,14.25,175.75,2022-07-26,573,13741.5,13658.25
1,2022-07-27T09:38:00-04:00,938,937,13740.0,13597.75,13989.5,1364,flat,142.25,249.5,497.0,495.0,10.25,357.5,2022-07-27,578,13738.75,13597.75
1,2022-07-28T09:31:00-04:00,931,930,14042.0,13887.25,13887.25,947,stop,154.75,-154.75,-311.5,-313.5,156.75,19.75,2022-07-28,571,14033.5,13887.25
-1,2022-07-29T09:33:00-04:00,933,932,14195.5,14347.0,14347.0,1208,stop,151.5,-151.5,-305.0,-307.0,153.5,43.75,2022-07-29,573,14347.0,14198.5
-1,2022-08-01T09:32:00-04:00,932,931,14283.75,14405.25,14405.25,953,stop,121.5,-121.5,-245.0,-247.0,131.5,25.0,2022-08-01,572,14405.25,14286.25
1,2022-08-02T10:53:00-04:00,1013,1012,14387.0,14223.75,14318.5,1364,flat,163.25,-68.5,-139.0,-141.0,92.75,117.5,2022-08-02,653,14384.0,14223.75
1,2022-08-03T09:31:00-04:00,931,930,14432.25,14274.75,14665.75,1364,flat,157.5,233.5,465.0,463.0,13.25,285.75,2022-08-03,571,14424.0,14274.75
-1,2022-08-04T10:31:00-04:00,991,990,14634.5,14763.5,14731.5,1364,flat,129.0,-97.0,-196.0,-198.0,120.0,42.5,2022-08-04,631,14763.5,14635.25
-1,2022-08-05T11:28:00-04:00,1048,1047,14511.25,14792.5,14620.0,1364,flat,281.25,-108.75,-219.5,-221.5,138.5,18.25,2022-08-05,688,14792.5,14515.0
1,2022-08-08T09:43:00-04:00,943,942,14771.25,14575.5,14575.5,1098,stop,195.75,-195.75,-393.5,-395.5,204.5,55.75,2022-08-08,583,14756.5,14575.5
-1,2022-08-09T09:32:00-04:00,932,931,14467.0,14641.0,14454.0,1364,flat,174.0,13.0,24.0,22.0,33.75,96.25,2022-08-09,572,14641.0,14484.0
1,2022-08-10T11:06:00-04:00,1026,1025,14788.0,14389.25,14795.5,1364,flat,398.75,7.5,13.0,11.0,64.25,27.5,2022-08-10,666,14781.0,14389.25
1,2022-08-11T10:01:00-04:00,961,960,14926.75,14777.5,14777.5,1071,stop,149.25,-149.25,-300.5,-302.5,158.0,56.5,2022-08-11,601,14918.0,14777.5
1,2022-08-12T09:41:00-04:00,941,940,14832.0,14719.75,14987.5,1364,flat,112.25,155.5,309.0,307.0,59.75,158.5,2022-08-12,581,14825.0,14719.75
1,2022-08-15T09:33:00-04:00,933,932,14985.5,14903.25,15088.5,1364,flat,82.25,103.0,204.0,202.0,40.0,127.75,2022-08-15,573,14984.5,14903.25
-1,2022-08-16T09:38:00-04:00,938,937,15021.25,15095.5,15095.5,1176,stop,74.25,-74.25,-150.5,-152.5,79.5,91.0,2022-08-16,578,15095.5,15034.0
-1,2022-08-17T09:42:00-04:00,942,941,14901.25,15080.75,14918.5,1364,flat,179.5,-17.25,-36.5,-38.5,122.5,87.5,2022-08-17,582,15080.75,14907.5
1,2022-08-18T11:32:00-04:00,1052,1051,14968.0,14818.75,14948.0,1364,flat,149.25,-20.0,-42.0,-44.0,76.75,15.0,2022-08-18,692,14965.25,14818.75
-1,2022-08-19T09:42:00-04:00,942,941,14763.75,14942.5,14661.25,1364,flat,178.75,102.5,203.0,201.0,9.0,129.25,2022-08-19,582,14942.5,14765.5
-1,2022-08-22T09:35:00-04:00,935,934,14445.25,14636.5,14340.5,1364,flat,191.25,104.75,207.5,205.5,36.25,162.25,2022-08-22,575,14636.5,14453.75
1,2022-08-23T09:51:00-04:00,951,950,14379.25,14231.0,14296.5,1364,flat,148.25,-82.75,-167.5,-169.5,97.0,47.25,2022-08-23,591,14373.25,14231.0
1,2022-08-24T10:20:00-04:00,980,979,14348.75,14233.25,14359.0,1364,flat,115.5,10.25,18.5,16.5,33.75,70.75,2022-08-24,620,14345.5,14233.25
1,2022-08-25T10:25:00-04:00,985,984,14500.25,14332.5,14551.0,1364,flat,167.75,50.75,99.5,97.5,95.75,68.75,2022-08-25,625,14493.25,14332.5
-1,2022-08-26T10:03:00-04:00,963,962,14411.75,14627.5,13995.75,1364,flat,215.75,416.0,830.0,828.0,194.25,427.25,2022-08-26,603,14627.5,14476.0
1,2022-08-29T09:33:00-04:00,933,932,13950.25,13809.0,13905.5,1364,flat,141.25,-44.75,-91.5,-93.5,94.75,67.25,2022-08-29,573,13941.25,13809.0
-1,2022-08-30T09:58:00-04:00,958,957,13888.5,14066.5,13773.75,1364,flat,178.0,114.75,227.5,225.5,15.75,233.5,2022-08-30,598,14066.5,13891.0
1,2022-08-31T09:53:00-04:00,953,952,13911.0,13755.0,13755.0,1020,stop,156.0,-156.0,-314.0,-316.0,158.0,9.5,2022-08-31,593,13905.75,13755.0
-1,2022-09-01T10:16:00-04:00,976,975,13513.0,13701.0,13701.0,1319,stop,188.0,-188.0,-378.0,-380.0,194.5,87.25,2022-09-01,616,13701.0,13520.5
1,2022-09-02T10:32:00-04:00,992,991,13837.75,13648.0,13648.0,1124,stop,189.75,-189.75,-381.5,-383.5,196.0,31.75,2022-09-02,632,13828.5,13648.0
-1,2022-09-06T09:33:00-04:00,933,932,13517.75,13652.25,13424.25,1364,flat,134.5,93.5,185.0,183.0,33.5,180.25,2022-09-06,573,13652.25,13520.0
1,2022-09-07T09:35:00-04:00,935,934,13488.25,13329.75,13671.5,1364,flat,158.5,183.25,364.5,362.5,51.25,225.5,2022-09-07,575,13485.25,13329.75
-1,2022-09-08T09:31:00-04:00,931,930,13548.5,13740.25,13740.25,1016,stop,191.75,-191.75,-385.5,-387.5,192.75,24.0,2022-09-08,571,13740.25,13560.0
1,2022-09-09T09:52:00-04:00,952,951,13890.75,13736.75,13994.0,1364,flat,154.0,103.25,204.5,202.5,29.75,131.0,2022-09-09,592,13889.25,13736.75
-1,2022-09-13T09:36:00-04:00,936,935,13756.25,14307.0,13449.75,1364,flat,550.75,306.5,611.0,609.0,29.25,343.5,2022-09-13,576,14307.0,13757.75
1,2022-09-14T10:55:00-04:00,1015,1014,13554.5,13411.25,13577.75,1364,flat,143.25,23.25,44.5,42.5,131.25,28.75,2022-09-14,655,13550.25,13411.25
-1,2022-09-15T09:32:00-04:00,932,931,13447.25,13598.25,13303.25,1364,flat,151.0,144.0,286.0,284.0,116.5,179.25,2022-09-15,572,13598.25,13456.5
-1,2022-09-16T09:32:00-04:00,932,931,13150.0,13296.5,13264.5,1364,flat,146.5,-114.5,-231.0,-233.0,128.5,41.5,2022-09-16,572,13296.5,13155.75
1,2022-09-19T10:41:00-04:00,1001,1000,13284.5,13122.75,13385.75,1364,flat,161.75,101.25,200.5,198.5,105.75,112.5,2022-09-19,641,13281.0,13122.75
-1,2022-09-20T09:39:00-04:00,939,938,13230.75,13423.0,13269.5,1364,flat,192.25,-38.75,-79.5,-81.5,122.75,71.75,2022-09-20,579,13423.0,13242.25
1,2022-09-21T09:49:00-04:00,949,948,13321.0,13193.0,13193.0,1201,stop,128.0,-128.0,-258.0,-260.0,155.5,77.25,2022-09-21,589,13319.75,13193.0
-1,2022-09-22T10:59:00-04:00,1019,1018,12875.25,13126.25,12889.25,1364,flat,251.0,-14.0,-30.0,-32.0,140.25,34.75,2022-09-22,659,13126.25,12880.75
-1,2022-09-23T09:51:00-04:00,951,950,12702.5,12930.5,12715.5,1364,flat,228.0,-13.0,-28.0,-30.0,54.5,143.25,2022-09-23,591,12930.5,12708.75
1,2022-09-26T09:34:00-04:00,934,933,12757.25,12587.0,12642.5,1364,flat,170.25,-114.75,-231.5,-233.5,136.0,111.0,2022-09-26,574,12752.75,12587.0
1,2022-09-27T09:35:00-04:00,935,934,12860.25,12628.25,12628.25,1091,stop,232.0,-232.0,-466.0,-468.0,232.25,38.25,2022-09-27,575,12855.0,12628.25
1,2022-09-28T10:29:00-04:00,989,988,12724.5,12472.25,12876.5,1364,flat,252.25,152.0,302.0,300.0,14.0,218.5,2022-09-28,629,12723.5,12472.25
-1,2022-09-29T09:41:00-04:00,941,940,12645.75,12896.75,12554.75,1364,flat,251.0,91.0,180.0,178.0,0.5,223.75,2022-09-29,581,12896.75,12664.0
-1,2022-09-30T09:38:00-04:00,938,937,12492.25,12680.75,12680.75,1032,stop,188.5,-188.5,-379.0,-381.0,195.25,18.75,2022-09-30,578,12680.75,12493.5
1,2022-10-03T10:02:00-04:00,962,961,12468.25,12221.0,12640.25,1364,flat,247.25,172.0,342.0,340.0,7.25,220.0,2022-10-03,602,12466.25,12221.0
1,2022-10-04T09:34:00-04:00,934,933,12884.25,12613.25,12977.25,1364,flat,271.0,93.0,184.0,182.0,29.75,122.5,2022-10-04,574,12883.25,12613.25
-1,2022-10-05T09:41:00-04:00,941,940,12807.25,12976.0,12976.0,1259,stop,168.75,-168.75,-339.5,-341.5,171.5,108.75,2022-10-05,581,12976.0,12807.5
-1,2022-10-06T16:18:00-04:00,1338,1337,12842.0,13060.5,12846.0,1364,flat,218.5,-4.0,-10.0,-12.0,18.25,4.25,2022-10-06,978,13060.5,12854.0
-1,2022-10-07T09:45:00-04:00,945,944,12605.5,12907.5,12426.0,1364,flat,302.0,179.5,357.0,355.0,13.75,231.75,2022-10-07,585,12907.5,12630.75
-1,2022-10-10T10:38:00-04:00,998,997,12308.25,12467.0,12327.0,1364,flat,158.75,-18.75,-39.5,-41.5,90.5,101.0,2022-10-10,638,12467.0,12316.0
-1,2022-10-11T09:55:00-04:00,955,954,12179.0,12362.0,12362.0,1126,stop,183.0,-183.0,-368.0,-370.0,191.25,60.0,2022-10-11,595,12362.0,12184.0
-1,2022-10-12T09:32:00-04:00,932,931,12152.75,12307.25,12179.0,1364,flat,154.5,-26.25,-54.5,-56.5,123.25,16.5,2022-10-12,572,12307.25,12166.5
-1,2022-10-13T09:33:00-04:00,933,932,11826.75,12365.5,12365.5,1058,stop,538.75,-538.75,-1079.5,-1081.5,544.5,11.75,2022-10-13,573,12365.5,11828.5
-1,2022-10-14T10:01:00-04:00,961,960,12312.25,12584.25,12080.5,1364,flat,272.0,231.75,461.5,459.5,46.25,255.0,2022-10-14,601,12584.25,12318.5
1,2022-10-17T09:31:00-04:00,931,930,12358.75,12035.5,12474.5,1364,flat,323.25,115.75,229.5,227.5,5.75,120.75,2022-10-17,571,12335.5,12035.5
1,2022-10-18T09:33:00-04:00,933,932,12752.0,12489.75,12489.75,1033,stop,262.25,-262.25,-526.5,-528.5,267.25,10.25,2022-10-18,573,12740.0,12489.75
-1,2022-10-19T13:03:00-04:00,1143,1142,12419.75,12713.0,12473.75,1364,flat,293.25,-54.0,-110.0,-112.0,123.5,39.0,2022-10-19,783,12713.0,12435.25
1,2022-10-20T09:52:00-04:00,952,951,12552.0,12338.5,12402.25,1364,flat,213.5,-149.75,-301.5,-303.5,180.5,107.5,2022-10-20,592,12549.75,12338.5
1,2022-10-21T09:46:00-04:00,946,945,12442.75,12267.5,12707.5,1364,flat,175.25,264.75,527.5,525.5,61.25,274.0,2022-10-21,586,12432.5,12267.5
-1,2022-10-24T10:09:00-04:00,969,968,12584.25,12861.25,12787.25,1364,flat,277.0,-203.0,-408.0,-410.0,261.75,46.0,2022-10-24,609,12861.25,12591.25
1,2022-10-25T09:31:00-04:00,931,930,12870.75,12761.0,12917.75,1364,flat,109.75,47.0,92.0,90.0,18.25,192.5,2022-10-25,571,12857.0,12761.0
1,2022-10-26T10:28:00-04:00,988,987,12907.25,12767.25,12767.25,1328,stop,140.0,-140.0,-282.0,-284.0,163.25,126.75,2022-10-26,628,12899.25,12767.25
-1,2022-10-27T09:50:00-04:00,950,949,12655.25,12868.25,12405.0,1364,flat,213.0,250.25,498.5,496.5,128.25,400.25,2022-10-27,590,12868.25,12675.5
1,2022-10-28T09:31:00-04:00,931,930,12564.75,12392.5,12948.75,1364,flat,172.25,384.0,766.0,764.0,10.25,387.0,2022-10-28,571,12554.25,12392.5
-1,2022-10-31T09:33:00-04:00,933,932,12794.0,12930.5,12796.25,1364,flat,136.5,-2.25,-6.5,-8.5,49.75,96.5,2022-10-31,573,12930.5,12814.75
-1,2022-11-01T10:05:00-04:00,965,964,12774.25,12944.75,12651.25,1364,flat,170.5,123.0,244.0,242.0,16.25,155.0,2022-11-01,605,12944.75,12777.0
-1,2022-11-02T09:33:00-04:00,933,932,12614.75,12720.75,12720.75,1201,stop,106.0,-106.0,-214.0,-216.0,126.5,93.25,2022-11-02,573,12720.75,12626.0
-1,2022-11-03T09:45:00-04:00,945,944,12122.0,12326.25,12063.75,1364,flat,204.25,58.25,114.5,112.5,97.0,83.5,2022-11-03,585,12326.25,12127.5
1,2022-11-04T09:31:00-04:00,931,930,12276.5,11966.5,12210.25,1364,flat,310.0,-66.25,-134.5,-136.5,283.25,28.25,2022-11-04,571,12269.75,11966.5
1,2022-11-07T14:16:00-05:00,1216,1215,12310.75,12106.25,12346.25,1364,flat,204.5,35.5,69.0,67.0,6.25,58.25,2022-11-07,856,12302.75,12106.25
1,2022-11-08T10:22:00-05:00,982,981,12435.5,12285.25,12285.25,1226,stop,150.25,-150.25,-302.5,-304.5,161.5,126.5,2022-11-08,622,12435.25,12285.25
-1,2022-11-09T09:32:00-05:00,932,931,12322.5,12495.25,12171.5,1364,flat,172.75,151.0,300.0,298.0,57.25,170.0,2022-11-09,572,12495.25,12336.0
1,2022-11-10T09:31:00-05:00,931,930,12714.5,12139.5,12996.5,1364,flat,575.0,282.0,562.0,560.0,115.0,283.0,2022-11-10,571,12693.25,12139.5
-1,2022-11-11T09:31:00-05:00,931,930,12943.5,13107.75,13107.75,1010,stop,164.25,-164.25,-330.5,-332.5,167.5,43.5,2022-11-11,571,13107.75,12944.75
-1,2022-11-14T09:35:00-05:00,935,934,13074.25,13156.0,13156.0,1068,stop,81.75,-81.75,-165.5,-167.5,83.5,41.75,2022-11-14,575,13156.0,13076.0
-1,2022-11-16T09:32:00-05:00,932,931,13142.0,13292.75,13104.0,1364,flat,150.75,38.0,74.0,72.0,25.25,105.5,2022-11-16,572,13292.75,13144.0
-1,2022-11-18T10:57:00-05:00,1017,1016,12996.0,13174.5,13037.0,1364,flat,178.5,-41.0,-84.0,-86.0,77.0,59.0,2022-11-18,657,13174.5,13002.5
-1,2022-11-21T10:23:00-05:00,983,982,12922.5,13085.75,12925.0,1364,flat,163.25,-2.5,-7.0,-9.0,42.75,38.75,2022-11-21,623,13085.75,12925.75
1,2022-11-22T10:50:00-05:00,1010,1009,12972.5,12856.0,13067.75,1364,flat,116.5,95.25,188.5,186.5,26.0,117.25,2022-11-22,650,12972.25,12856.0
1,2022-11-23T09:40:00-05:00,940,939,13130.5,13050.75,13208.25,1364,flat,79.75,77.75,153.5,151.5,58.25,92.75,2022-11-23,580,13123.75,13050.75
1,2022-11-28T09:36:00-05:00,936,935,13084.5,12973.25,12973.25,1196,stop,111.25,-111.25,-224.5,-226.5,124.75,34.25,2022-11-28,576,13078.5,12973.25
-1,2022-11-29T09:32:00-05:00,932,931,12932.0,13034.75,12850.75,1364,flat,102.75,81.25,160.5,158.5,37.25,136.5,2022-11-29,572,13034.75,12942.0
1,2022-11-30T13:31:00-05:00,1171,1170,12954.5,12828.25,13401.25,1364,flat,126.25,446.75,891.5,889.5,36.75,452.75,2022-11-30,811,12928.0,12828.25
1,2022-12-01T09:57:00-05:00,957,956,13464.5,13323.0,13323.0,974,stop,141.5,-141.5,-285.0,-287.0,142.75,10.75,2022-12-01,597,13463.5,13323.0
-1,2022-12-05T10:01:00-05:00,961,960,13229.0,13345.5,13139.75,1364,flat,116.5,89.25,176.5,174.5,52.5,153.25,2022-12-05,601,13345.5,13249.0
-1,2022-12-06T09:35:00-05:00,935,934,13101.25,13176.5,12894.0,1364,flat,75.25,207.25,412.5,410.5,14.5,268.75,2022-12-06,575,13176.5,13111.75
1,2022-12-08T10:00:00-05:00,960,959,12931.5,12764.75,12977.0,1364,flat,166.75,45.5,89.0,87.0,23.5,84.5,2022-12-08,600,12928.75,12764.75
1,2022-12-14T10:05:00-05:00,965,964,13232.75,13133.75,13133.75,1200,stop,99.0,-99.0,-200.0,-202.0,126.5,53.0,2022-12-14,605,13230.0,13133.75
-1,2022-12-15T09:35:00-05:00,935,934,12858.5,13114.5,12665.25,1364,flat,256.0,193.25,384.5,382.5,16.25,238.25,2022-12-15,575,13114.5,12860.5
-1,2022-12-16T11:12:00-05:00,1032,1031,12524.75,12703.75,12535.0,1364,flat,179.0,-10.25,-22.5,-24.5,86.25,33.0,2022-12-16,672,12703.75,12528.25
-1,2022-12-19T09:32:00-05:00,932,931,12538.0,12627.25,12398.0,1364,flat,89.25,140.0,278.0,276.0,10.0,190.25,2022-12-19,572,12627.25,12538.5
1,2022-12-20T10:32:00-05:00,992,991,12444.5,12259.0,12400.5,1364,flat,185.5,-44.0,-90.0,-92.0,126.5,19.0,2022-12-20,632,12444.0,12259.0
1,2022-12-21T09:49:00-05:00,949,948,12480.75,12403.0,12571.5,1364,flat,77.75,90.75,179.5,177.5,47.5,125.25,2022-12-21,589,12479.5,12403.0
-1,2022-12-22T09:32:00-05:00,932,931,12396.0,12600.5,12259.0,1364,flat,204.5,137.0,272.0,270.0,0.0,309.25,2022-12-22,572,12600.5,12403.75
-1,2022-12-23T09:36:00-05:00,936,935,12175.25,12359.5,12287.5,1364,flat,184.25,-112.25,-226.5,-228.5,144.25,43.25,2022-12-23,576,12359.5,12195.5
-1,2022-12-27T09:31:00-05:00,931,930,12250.0,12400.25,12131.5,1364,flat,150.25,118.5,235.0,233.0,4.5,138.0,2022-12-27,571,12400.25,12256.5
-1,2022-12-28T09:31:00-05:00,931,930,12102.5,12170.5,12170.5,933,stop,68.0,-68.0,-138.0,-140.0,75.0,24.75,2022-12-28,571,12170.5,12107.75
1,2022-12-29T09:36:00-05:00,936,935,12122.5,11993.75,12245.25,1364,flat,128.75,122.75,243.5,241.5,7.75,165.25,2022-12-29,576,12120.25,11993.75
-1,2022-12-30T09:32:00-05:00,932,931,12120.25,12252.5,12252.5,1323,stop,132.25,-132.25,-266.5,-268.5,132.75,48.5,2022-12-30,572,12252.5,12120.25
1,2023-01-03T09:42:00-05:00,942,941,12387.25,12168.0,12168.0,973,stop,219.25,-219.25,-440.5,-442.5,220.25,10.75,2023-01-03,582,12387.0,12168.0
-1,2023-01-04T10:05:00-05:00,965,964,12131.5,12267.5,12267.5,1055,stop,136.0,-136.0,-274.0,-276.0,137.25,52.0,2023-01-04,605,12267.5,12139.5
-1,2023-01-05T09:32:00-05:00,932,931,12102.75,12262.5,12053.75,1364,flat,159.75,49.0,96.0,94.0,40.75,81.75,2023-01-05,572,12262.5,12105.5
1,2023-01-06T10:50:00-05:00,1010,1009,12192.25,11967.25,12325.5,1364,flat,225.0,133.25,264.5,262.5,10.75,190.0,2023-01-06,650,12185.5,11967.25
1,2023-01-09T09:31:00-05:00,931,930,12437.0,12336.5,12396.25,1364,flat,100.5,-40.75,-83.5,-85.5,59.75,164.75,2023-01-09,571,12421.75,12336.5
1,2023-01-10T09:35:00-05:00,935,934,12456.25,12310.5,12499.5,1364,flat,145.75,43.25,84.5,82.5,119.25,49.25,2023-01-10,575,12422.0,12310.5
1,2023-01-11T09:31:00-05:00,931,930,12555.0,12455.75,12685.25,1364,flat,99.25,130.25,258.5,256.5,48.0,140.75,2023-01-11,571,12550.5,12455.75
1,2023-01-13T13:33:00-05:00,1173,1172,12752.75,12605.75,12821.5,1364,flat,147.0,68.75,135.5,133.5,4.5,82.75,2023-01-13,813,12752.5,12605.75
1,2023-01-17T09:31:00-05:00,931,930,12822.0,12746.25,12842.0,1364,flat,75.75,20.0,38.0,36.0,56.5,79.25,2023-01-17,571,12820.5,12746.25
1,2023-01-18T10:01:00-05:00,961,960,12952.5,12798.25,12798.25,1026,stop,154.25,-154.25,-310.5,-312.5,154.5,23.25,2023-01-18,601,12938.0,12798.25
-1,2023-01-19T10:55:00-05:00,1015,1014,12558.75,12703.0,12609.75,1364,flat,144.25,-51.0,-104.0,-106.0,112.0,34.0,2023-01-19,655,12703.0,12561.0
1,2023-01-20T09:52:00-05:00,952,951,12669.75,12581.5,12885.75,1364,flat,88.25,216.0,430.0,428.0,29.0,232.5,2023-01-20,592,12664.5,12581.5
1,2023-01-23T09:41:00-05:00,941,940,12954.5,12866.5,13146.5,1364,flat,88.0,192.0,382.0,380.0,10.5,244.75,2023-01-23,581,12939.75,12866.5
1,2023-01-24T09:55:00-05:00,955,954,13164.0,13052.0,13206.5,1364,flat,112.0,42.5,83.0,81.0,109.75,62.25,2023-01-24,595,13160.75,13052.0
-1,2023-01-25T09:31:00-05:00,931,930,12904.75,13192.75,13077.0,1364,flat,288.0,-172.25,-346.5,-348.5,229.25,84.0,2023-01-25,571,13192.75,12917.75
1,2023-01-26T09:31:00-05:00,931,930,13253.75,13083.5,13272.75,1364,flat,170.25,19.0,36.0,34.0,133.5,75.75,2023-01-26,571,13242.25,13083.5
1,2023-01-27T09:33:00-05:00,933,932,13303.0,13232.25,13439.75,1364,flat,70.75,136.75,271.5,269.5,14.75,221.25,2023-01-27,573,13299.75,13232.25
-1,2023-01-30T10:28:00-05:00,988,987,13250.25,13468.25,13208.5,1364,flat,218.0,41.75,81.5,79.5,37.5,74.0,2023-01-30,628,13468.25,13255.5
1,2023-01-31T09:35:00-05:00,935,934,13241.0,13087.5,13335.5,1364,flat,153.5,94.5,187.0,185.0,47.75,131.25,2023-01-31,575,13233.0,13087.5
-1,2023-02-01T11:01:00-05:00,1021,1020,13298.25,13385.5,13385.5,1207,stop,87.25,-87.25,-176.5,-178.5,106.0,11.0,2023-02-01,661,13385.5,13301.0
1,2023-02-02T09:31:00-05:00,931,930,13936.5,13717.5,13870.75,1364,flat,219.0,-65.75,-133.5,-135.5,102.25,229.75,2023-02-02,571,13899.25,13717.5
1,2023-02-03T10:17:00-05:00,977,976,13988.75,13766.75,13834.5,1364,flat,222.0,-154.25,-310.5,-312.5,193.75,105.25,2023-02-03,617,13977.75,13766.75
1,2023-02-06T11:33:00-05:00,1053,1052,13824.0,13673.0,13726.25,1364,flat,151.0,-97.75,-197.5,-199.5,139.75,1.0,2023-02-06,693,13821.25,13673.0
1,2023-02-07T11:33:00-05:00,1053,1052,13795.5,13692.0,13692.0,1173,stop,103.5,-103.5,-209.0,-211.0,106.0,199.0,2023-02-07,693,13790.0,13692.0
-1,2023-02-08T09:53:00-05:00,953,952,13902.75,14025.25,13770.5,1364,flat,122.5,132.25,262.5,260.5,47.5,174.0,2023-02-08,593,14025.25,13915.25
-1,2023-02-09T12:37:00-05:00,1117,1116,13749.75,13943.5,13652.75,1364,flat,193.75,97.0,192.0,190.0,28.25,167.5,2023-02-09,757,13943.5,13757.75
-1,2023-02-10T12:04:00-05:00,1084,1083,13480.75,13667.75,13555.25,1364,flat,187.0,-74.5,-151.0,-153.0,104.75,21.5,2023-02-10,724,13667.75,13486.75
1,2023-02-13T09:51:00-05:00,951,950,13650.25,13481.25,13763.25,1364,flat,169.0,113.0,224.0,222.0,37.5,133.75,2023-02-13,591,13650.0,13481.25
-1,2023-02-14T09:31:00-05:00,931,930,13644.25,13902.0,13831.25,1364,flat,257.75,-187.0,-376.0,-378.0,245.25,37.5,2023-02-14,571,13902.0,13676.25
1,2023-02-15T09:50:00-05:00,950,949,13844.25,13747.25,13747.25,968,stop,97.0,-97.0,-196.0,-198.0,100.5,3.5,2023-02-15,590,13840.75,13747.25
-1,2023-02-16T09:37:00-05:00,937,936,13728.5,14008.75,13685.25,1364,flat,280.25,43.25,84.5,82.5,182.25,57.0,2023-02-16,577,14008.75,13729.0
-1,2023-02-17T09:46:00-05:00,946,945,13543.25,13680.25,13601.5,1364,flat,137.0,-58.25,-118.5,-120.5,81.75,61.5,2023-02-17,586,13680.25,13554.0
-1,2023-02-21T09:59:00-05:00,959,958,13435.75,13595.75,13325.0,1364,flat,160.0,110.75,219.5,217.5,22.5,128.0,2023-02-21,599,13595.75,13439.5
1,2023-02-22T09:46:00-05:00,946,945,13384.75,13278.75,13278.75,971,stop,106.0,-106.0,-214.0,-216.0,114.0,6.0,2023-02-22,586,13379.25,13278.75
-1,2023-02-23T10:48:00-05:00,1008,1007,13352.25,13477.25,13406.0,1364,flat,125.0,-53.75,-109.5,-111.5,112.75,108.0,2023-02-23,648,13477.25,13366.75
-1,2023-02-24T09:47:00-05:00,947,946,13174.5,13430.5,13216.75,1364,flat,256.0,-42.25,-86.5,-88.5,63.25,35.5,2023-02-24,587,13430.5,13189.5
1,2023-02-27T10:04:00-05:00,964,963,13372.75,13204.0,13311.25,1364,flat,168.75,-61.5,-125.0,-127.0,98.0,33.0,2023-02-27,604,13369.5,13204.0
1,2023-02-28T12:56:00-05:00,1136,1135,13366.0,13243.0,13243.0,1332,stop,123.0,-123.0,-248.0,-250.0,124.0,24.0,2023-02-28,776,13365.5,13243.0
-1,2023-03-01T10:07:00-05:00,967,966,13200.25,13358.25,13205.0,1364,flat,158.0,-4.75,-11.5,-13.5,54.0,59.0,2023-03-01,607,13358.25,13205.5
1,2023-03-02T13:59:00-05:00,1199,1198,13214.75,13047.75,13270.25,1364,flat,167.0,55.5,109.0,107.0,1.0,97.75,2023-03-02,839,13208.0,13047.75
1,2023-03-03T09:46:00-05:00,946,945,13374.75,13228.5,13538.5,1364,flat,146.25,163.75,325.5,323.5,27.75,169.5,2023-03-03,586,13371.25,13228.5
1,2023-03-06T09:34:00-05:00,934,933,13606.75,13492.25,13540.75,1364,flat,114.5,-66.0,-134.0,-136.0,76.25,95.25,2023-03-06,574,13599.0,13492.25
-1,2023-03-07T10:01:00-05:00,961,960,13498.25,13598.0,13398.75,1364,flat,99.75,99.5,197.0,195.0,37.0,139.75,2023-03-07,601,13598.0,13528.75
-1,2023-03-08T10:01:00-05:00,961,960,13353.25,13433.0,13433.0,993,stop,79.75,-79.75,-161.5,-163.5,85.25,28.5,2023-03-08,601,13433.0,13354.75
1,2023-03-09T09:36:00-05:00,936,935,13497.75,13352.25,13352.25,1179,stop,145.5,-145.5,-293.0,-295.0,150.5,72.25,2023-03-09,576,13492.75,13352.25
-1,2023-03-10T09:42:00-05:00,942,941,13133.75,13328.25,13067.75,1364,flat,194.5,66.0,130.0,128.0,162.0,121.0,2023-03-10,582,13328.25,13137.75
1,2023-03-14T09:31:00-04:00,931,930,13317.0,13117.75,13417.5,1364,flat,199.25,100.5,199.0,197.0,55.5,132.25,2023-03-14,571,13310.25,13117.75
1,2023-03-15T14:38:00-04:00,1238,1237,13468.0,13186.0,13492.75,1364,flat,282.0,24.75,47.5,45.5,75.25,31.75,2023-03-15,878,13467.25,13186.0
-1,2023-03-16T09:32:00-04:00,932,931,13423.5,13558.5,13558.5,1007,stop,135.0,-135.0,-272.0,-274.0,143.5,16.75,2023-03-16,572,13558.5,13426.0
1,2023-03-17T10:01:00-04:00,961,960,13864.5,13752.75,13752.75,994,stop,111.75,-111.75,-225.5,-227.5,127.5,38.25,2023-03-17,601,13860.5,13752.75
1,2023-03-21T09:32:00-04:00,932,931,13895.5,13769.0,13973.0,1364,flat,126.5,77.5,153.0,151.0,91.0,94.75,2023-03-21,572,13885.0,13769.0
1,2023-03-22T10:01:00-04:00,961,960,13984.5,13902.25,13902.25,1308,stop,82.25,-82.25,-166.5,-168.5,86.0,190.0,2023-03-22,601,13980.75,13902.25
1,2023-03-23T09:31:00-04:00,931,930,13968.25,13787.75,13970.25,1364,flat,180.5,2.0,2.0,0.0,142.0,156.0,2023-03-23,571,13949.75,13787.75
-1,2023-03-24T09:43:00-04:00,943,942,13845.75,14013.75,14006.75,1364,flat,168.0,-161.0,-324.0,-326.0,162.75,27.0,2023-03-24,583,14013.75,13846.25
-1,2023-03-27T11:06:00-04:00,1026,1025,13938.25,14069.0,13905.0,1364,flat,130.75,33.25,64.5,62.5,23.25,79.75,2023-03-27,666,14069.0,13941.5
-1,2023-03-28T09:33:00-04:00,933,932,13831.5,13926.25,13838.75,1364,flat,94.75,-7.25,-16.5,-18.5,15.5,104.0,2023-03-28,573,13926.25,13844.25
1,2023-03-29T09:31:00-04:00,931,930,13985.25,13834.75,14059.5,1364,flat,150.5,74.25,146.5,144.5,38.5,100.5,2023-03-29,571,13984.25,13834.75
1,2023-03-30T10:00:00-04:00,960,959,14172.5,14024.0,14189.0,1364,flat,148.5,16.5,31.0,29.0,68.5,32.25,2023-03-30,600,14166.5,14024.0
1,2023-03-31T09:48:00-04:00,948,947,14234.5,14149.25,14397.75,1364,flat,85.25,163.25,324.5,322.5,11.5,169.75,2023-03-31,588,14231.5,14149.25
-1,2023-04-03T11:00:00-04:00,1020,1019,14272.0,14368.25,14368.25,1316,stop,96.25,-96.25,-194.5,-196.5,98.5,25.0,2023-04-03,660,14368.25,14272.0
-1,2023-04-04T11:17:00-04:00,1037,1036,14316.5,14441.5,14322.5,1364,flat,125.0,-6.0,-14.0,-16.0,27.75,55.0,2023-04-04,677,14441.5,14319.0
-1,2023-04-05T09:33:00-04:00,933,932,14261.75,14340.0,14164.5,1364,flat,78.25,97.25,192.5,190.5,8.75,163.0,2023-04-05,573,14340.0,14265.0
-1,2023-04-06T09:33:00-04:00,933,932,14068.25,14172.75,14172.75,1041,stop,104.5,-104.5,-211.0,-213.0,105.5,23.0,2023-04-06,573,14172.75,14076.5
-1,2023-04-10T09:32:00-04:00,932,931,14117.75,14299.0,14262.25,1364,flat,181.25,-144.5,-291.0,-293.0,148.5,57.5,2023-04-10,572,14299.0,14126.5
-1,2023-04-11T09:41:00-04:00,941,940,14211.0,14302.0,14176.75,1364,flat,91.0,34.25,66.5,64.5,15.25,66.5,2023-04-11,581,14302.0,14218.25
-1,2023-04-12T09:48:00-04:00,948,947,14130.25,14333.75,14045.75,1364,flat,203.5,84.5,167.0,165.0,91.5,99.5,2023-04-12,588,14333.75,14131.0
1,2023-04-13T09:32:00-04:00,932,931,14138.0,14018.0,14281.0,1364,flat,120.0,143.0,284.0,282.0,4.25,183.25,2023-04-13,572,14132.5,14018.0
1,2023-04-14T09:47:00-04:00,947,946,14315.0,14193.75,14193.75,1086,stop,121.25,-121.25,-244.5,-246.5,125.0,32.75,2023-04-14,587,14310.25,14193.75
-1,2023-04-17T09:31:00-04:00,931,930,14245.75,14310.75,14283.5,1364,flat,65.0,-37.75,-77.5,-79.5,53.0,76.0,2023-04-17,571,14310.75,14249.0
-1,2023-04-18T11:40:00-04:00,1060,1059,14247.25,14391.25,14279.75,1364,flat,144.0,-32.5,-67.0,-69.0,47.75,16.25,2023-04-18,700,14391.25,14252.75
1,2023-04-19T12:16:00-04:00,1096,1095,14284.75,14157.75,14260.25,1364,flat,127.0,-24.5,-51.0,-53.0,36.5,35.0,2023-04-19,736,14279.25,14157.75
1,2023-04-20T12:37:00-04:00,1117,1116,14260.25,14117.5,14117.5,1288,stop,142.75,-142.75,-287.5,-289.5,145.5,32.25,2023-04-20,757,14258.75,14117.5
-1,2023-04-21T10:00:00-04:00,960,959,14089.0,14200.75,14200.75,1196,stop,111.75,-111.75,-225.5,-227.5,111.75,13.5,2023-04-21,600,14200.75,14097.75
1,2023-04-24T09:38:00-04:00,938,937,14208.5,14107.0,14107.0,1003,stop,101.5,-101.5,-205.0,-207.0,105.5,18.25,2023-04-24,578,14192.25,14107.0
-1,2023-04-25T10:11:00-04:00,971,970,14053.75,14152.5,14004.25,1364,flat,98.75,49.5,97.0,95.0,13.5,160.0,2023-04-25,611,14152.5,14060.25
1,2023-04-26T12:02:00-04:00,1082,1081,14092.5,13978.0,13978.0,1237,stop,114.5,-114.5,-231.0,-233.0,117.0,12.75,2023-04-26,722,14089.5,13978.0
1,2023-04-27T09:38:00-04:00,938,937,14140.0,14028.75,14370.0,1364,flat,111.25,230.0,458.0,456.0,32.5,284.25,2023-04-27,578,14139.25,14028.75
1,2023-04-28T09:31:00-04:00,931,930,14331.25,14261.5,14421.0,1364,flat,69.75,89.75,177.5,175.5,66.0,98.25,2023-04-28,571,14328.75,14261.5
-1,2023-05-01T10:26:00-04:00,986,985,14376.75,14460.0,14385.0,1364,flat,83.25,-8.25,-18.5,-20.5,79.0,25.25,2023-05-01,626,14460.0,14378.0
-1,2023-05-02T10:10:00-04:00,970,969,14357.5,14427.25,14258.25,1364,flat,69.75,99.25,196.5,194.5,2.75,153.75,2023-05-02,610,14427.25,14360.75
1,2023-05-03T09:53:00-04:00,953,952,14325.0,14249.25,14249.25,1271,stop,75.75,-75.75,-153.5,-155.5,80.5,77.75,2023-05-03,593,14324.5,14249.25
-1,2023-05-04T09:45:00-04:00,945,944,14131.0,14264.75,14137.5,1364,flat,133.75,-6.5,-15.0,-17.0,93.0,36.5,2023-05-04,585,14264.75,14135.75
1,2023-05-05T09:33:00-04:00,933,932,14245.25,14148.5,14403.25,1364,flat,96.75,158.0,314.0,312.0,6.0,206.25,2023-05-05,573,14242.75,14148.5
-1,2023-05-08T09:39:00-04:00,939,938,14373.25,14428.75,14428.75,1152,stop,55.5,-55.5,-113.0,-115.0,58.0,26.0,2023-05-08,579,14428.75,14380.5
-1,2023-05-09T11:13:00-04:00,1033,1032,14359.0,14440.0,14359.75,1364,flat,81.0,-0.75,-3.5,-5.5,29.0,17.0,2023-05-09,673,14440.0,14361.75
1,2023-05-10T09:37:00-04:00,937,936,14505.75,14294.75,14498.5,1364,flat,211.0,-7.25,-16.5,-18.5,150.25,35.0,2023-05-10,577,14501.0,14294.75
-1,2023-05-11T09:33:00-04:00,933,932,14487.75,14560.75,14560.75,1243,stop,73.0,-73.0,-148.0,-150.0,77.0,33.5,2023-05-11,573,14560.75,14496.25
-1,2023-05-12T10:00:00-04:00,960,959,14532.75,14587.5,14468.5,1364,flat,54.75,64.25,126.5,124.5,15.25,130.0,2023-05-12,600,14587.5,14536.75
1,2023-05-15T12:20:00-04:00,1100,1099,14541.25,14442.75,14559.0,1364,flat,98.5,17.75,33.5,31.5,30.5,30.5,2023-05-15,740,14540.25,14442.75
1,2023-05-16T09:44:00-04:00,944,943,14590.75,14519.0,14602.0,1364,flat,71.75,11.25,20.5,18.5,46.25,56.25,2023-05-16,584,14584.75,14519.0
1,2023-05-17T09:31:00-04:00,931,930,14625.25,14566.75,14738.5,1364,flat,58.5,113.25,224.5,222.5,57.5,136.75,2023-05-17,571,14619.5,14566.75
1,2023-05-18T09:37:00-04:00,937,936,14781.0,14721.0,14999.25,1364,flat,60.0,218.25,434.5,432.5,2.75,220.75,2023-05-18,577,14776.5,14721.0
-1,2023-05-19T10:03:00-04:00,963,962,14964.25,15053.25,14934.25,1364,flat,89.0,30.0,58.0,56.0,41.25,57.25,2023-05-19,603,15053.25,14970.25
1,2023-05-22T09:35:00-04:00,935,934,14980.75,14887.0,15005.0,1364,flat,93.75,24.25,46.5,44.5,26.0,58.75,2023-05-22,575,14972.0,14887.0
-1,2023-05-23T12:36:00-04:00,1116,1115,14907.0,15070.0,14826.0,1364,flat,163.0,81.0,160.0,158.0,10.25,103.25,2023-05-23,756,15070.0,14918.25
-1,2023-05-24T10:04:00-04:00,964,963,14718.5,14848.5,14848.5,1341,stop,130.0,-130.0,-262.0,-264.0,137.75,59.0,2023-05-24,604,14848.5,14720.75
1,2023-05-25T11:15:00-04:00,1035,1034,15069.0,14895.75,15076.75,1364,flat,173.25,7.75,13.5,11.5,55.0,55.25,2023-05-25,675,15067.75,14895.75
1,2023-05-26T09:37:00-04:00,937,936,15146.5,15017.5,15459.25,1364,flat,129.0,312.75,623.5,621.5,4.25,316.0,2023-05-26,577,15137.25,15017.5
-1,2023-05-30T13:31:00-04:00,1171,1170,15466.25,15662.75,15503.75,1364,flat,196.5,-37.5,-77.0,-79.0,70.5,37.25,2023-05-30,811,15662.75,15471.0
-1,2023-05-31T10:19:00-04:00,979,978,15400.75,15522.75,15385.0,1364,flat,122.0,15.75,29.5,27.5,57.0,55.5,2023-05-31,619,15522.75,15407.75
1,2023-06-01T10:42:00-04:00,1002,1001,15436.5,15340.75,15591.25,1364,flat,95.75,154.75,307.5,305.5,0.75,184.5,2023-06-01,642,15429.5,15340.75
1,2023-06-02T09:31:00-04:00,931,930,15672.75,15566.5,15566.5,961,stop,106.25,-106.25,-214.5,-216.5,110.0,47.75,2023-06-02,571,15657.0,15566.5
1,2023-06-05T09:32:00-04:00,932,931,15684.75,15605.5,15682.5,1364,flat,79.25,-2.25,-6.5,-8.5,48.25,103.25,2023-06-05,572,15677.0,15605.5
-1,2023-06-06T09:31:00-04:00,931,930,15635.75,15708.75,15708.75,1080,stop,73.0,-73.0,-148.0,-150.0,76.5,38.0,2023-06-06,571,15708.75,15649.25
1,2023-06-07T09:31:00-04:00,931,930,15719.0,15630.25,15630.25,985,stop,88.75,-88.75,-179.5,-181.5,92.25,49.25,2023-06-07,571,15707.75,15630.25
1,2023-06-08T09:34:00-04:00,934,933,15466.5,15349.75,15614.25,1364,flat,116.75,147.75,293.5,291.5,45.75,149.75,2023-06-08,574,15464.25,15349.75
1,2023-06-09T09:32:00-04:00,932,931,15665.0,15553.0,15659.25,1364,flat,112.0,-5.75,-13.5,-15.5,76.25,115.75,2023-06-09,572,15657.0,15553.0
-1,2023-06-13T10:14:00-04:00,974,973,15885.0,16066.5,16023.5,1364,flat,181.5,-138.5,-279.0,-281.0,145.5,6.25,2023-06-13,614,16066.5,15893.25
-1,2023-06-14T09:31:00-04:00,931,930,15990.0,16066.5,16066.5,975,stop,76.5,-76.5,-155.0,-157.0,78.25,22.25,2023-06-14,571,16066.5,15995.75
1,2023-06-15T10:07:00-04:00,967,966,16148.25,15981.0,16281.75,1364,flat,167.25,133.5,265.0,263.0,18.25,207.5,2023-06-15,607,16143.75,15981.0
-1,2023-06-16T15:00:00-04:00,1260,1259,16228.5,16389.25,16210.75,1364,flat,160.75,17.75,33.5,31.5,10.5,55.0,2023-06-16,900,16389.25,16229.75
1,2023-06-20T09:33:00-04:00,933,932,16175.5,16083.5,16083.5,980,stop,92.0,-92.0,-186.0,-188.0,93.25,49.5,2023-06-20,573,16172.5,16083.5
-1,2023-06-21T09:31:00-04:00,931,930,16093.5,16187.75,15957.0,1364,flat,94.25,136.5,271.0,269.0,40.5,176.25,2023-06-21,571,16187.75,16096.25
1,2023-06-22T09:48:00-04:00,948,947,15983.25,15882.75,16148.5,1364,flat,100.5,165.25,328.5,326.5,13.25,165.5,2023-06-22,588,15972.5,15882.75
-1,2023-06-23T09:46:00-04:00,946,945,15910.25,16151.25,15971.25,1364,flat,241.0,-61.0,-124.0,-126.0,160.0,10.75,2023-06-23,586,16151.25,15935.25
1,2023-06-26T09:54:00-04:00,954,953,16034.75,15912.75,15912.75,1038,stop,122.0,-122.0,-246.0,-248.0,128.25,32.25,2023-06-26,594,16029.25,15912.75
1,2023-06-27T09:36:00-04:00,936,935,15874.75,15777.25,16005.5,1364,flat,97.5,130.75,259.5,257.5,71.75,179.75,2023-06-27,576,15851.75,15777.25
1,2023-06-28T09:42:00-04:00,942,941,16008.5,15936.0,16075.25,1364,flat,72.5,66.75,131.5,129.5,56.0,125.0,2023-06-28,582,16007.5,15936.0
-1,2023-06-29T09:32:00-04:00,932,931,16010.75,16117.5,16029.5,1364,flat,106.75,-18.75,-39.5,-41.5,48.75,67.5,2023-06-29,572,16117.5,16017.0
1,2023-06-30T09:36:00-04:00,936,935,16180.25,16013.5,16230.0,1364,flat,166.75,49.75,97.5,95.5,10.0,111.0,2023-06-30,576,16178.25,16013.5
1,2023-07-05T09:41:00-04:00,941,940,16274.5,16170.0,16269.5,1364,flat,104.5,-5.0,-12.0,-14.0,35.5,72.0,2023-07-05,581,16271.25,16170.0
-1,2023-07-06T09:35:00-04:00,935,934,16074.0,16280.5,16135.0,1364,flat,206.5,-61.0,-124.0,-126.0,93.0,47.25,2023-07-06,575,16280.5,16079.75
1,2023-07-07T12:33:00-04:00,1113,1112,16233.25,16091.5,16091.5,1310,stop,141.75,-141.75,-285.5,-287.5,146.5,41.25,2023-07-07,753,16228.75,16091.5
-1,2023-07-10T12:03:00-04:00,1083,1082,15991.25,16121.75,16121.75,1325,stop,130.5,-130.5,-263.0,-265.0,143.25,13.0,2023-07-10,723,16121.75,15992.75
-1,2023-07-11T09:42:00-04:00,942,941,16082.0,16154.25,16154.25,1080,stop,72.25,-72.25,-146.5,-148.5,77.0,58.25,2023-07-11,582,16154.25,16090.5
1,2023-07-12T09:36:00-04:00,936,935,16356.25,16168.0,16377.0,1364,flat,188.25,20.75,39.5,37.5,97.5,66.25,2023-07-12,576,16349.75,16168.0
1,2023-07-13T09:32:00-04:00,932,931,16499.5,16370.5,16612.5,1364,flat,129.0,113.0,224.0,222.0,27.25,156.5,2023-07-13,572,16496.25,16370.5
1,2023-07-14T09:31:00-04:00,931,930,16662.75,16595.75,16595.75,1260,stop,67.0,-67.0,-136.0,-138.0,69.5,109.5,2023-07-14,571,16654.0,16595.75
1,2023-07-17T09:31:00-04:00,931,930,16671.25,16575.75,16743.0,1364,flat,95.5,71.75,141.5,139.5,47.75,130.25,2023-07-17,571,16644.75,16575.75
-1,2023-07-18T09:31:00-04:00,931,930,16704.25,16758.5,16758.5,1065,stop,54.25,-54.25,-110.5,-112.5,58.5,56.0,2023-07-18,571,16758.5,16711.0
1,2023-07-19T09:31:00-04:00,931,930,16936.25,16859.25,16859.25,1146,stop,77.0,-77.0,-156.0,-158.0,80.25,41.0,2023-07-19,571,16932.25,16859.25
-1,2023-07-20T10:11:00-04:00,971,970,16717.0,16840.5,16513.0,1364,flat,123.5,204.0,406.0,404.0,29.75,254.75,2023-07-20,611,16840.5,16719.75
-1,2023-07-21T10:30:00-04:00,990,989,16466.0,16630.0,16467.25,1364,flat,164.0,-1.25,-4.5,-6.5,103.5,29.0,2023-07-21,630,16630.0,16469.0
1,2023-07-24T09:31:00-04:00,931,930,16521.5,16441.75,16441.75,951,stop,79.75,-79.75,-161.5,-163.5,85.75,11.5,2023-07-24,571,16509.5,16441.75
1,2023-07-25T09:36:00-04:00,936,935,16548.0,16463.75,16638.25,1364,flat,84.25,90.25,178.5,176.5,30.5,102.75,2023-07-25,576,16543.25,16463.75
-1,2023-07-26T09:33:00-04:00,933,932,16512.0,16654.25,16543.0,1364,flat,142.25,-31.0,-64.0,-66.0,112.75,82.25,2023-07-26,573,16654.25,16520.75
1,2023-07-27T09:33:00-04:00,933,932,16764.25,16546.0,16546.0,1225,stop,218.25,-218.25,-438.5,-440.5,222.0,54.5,2023-07-27,573,16761.0,16546.0
1,2023-07-28T09:40:00-04:00,940,939,16679.25,16461.25,16754.75,1364,flat,218.0,75.5,149.0,147.0,8.0,131.25,2023-07-28,580,16675.25,16461.25
-1,2023-08-01T10:16:00-04:00,976,975,16666.25,16803.75,16735.5,1364,flat,137.5,-69.25,-140.5,-142.5,97.75,23.5,2023-08-01,616,16803.75,16670.25
-1,2023-08-02T09:55:00-04:00,955,954,16501.25,16704.75,16368.5,1364,flat,203.5,132.75,263.5,261.5,27.75,173.25,2023-08-02,595,16704.75,16506.25
1,2023-08-03T12:46:00-04:00,1126,1125,16426.0,16254.0,16368.0,1364,flat,172.0,-58.0,-118.0,-120.0,99.25,41.0,2023-08-03,766,16422.25,16254.0
1,2023-08-04T09:36:00-04:00,936,935,16480.5,16316.25,16316.25,966,stop,164.25,-164.25,-330.5,-332.5,173.0,18.25,2023-08-04,576,16475.75,16316.25
-1,2023-08-07T10:02:00-04:00,962,961,16276.25,16381.0,16381.0,1309,stop,104.75,-104.75,-211.5,-213.5,106.5,27.0,2023-08-07,602,16381.0,16279.75
-1,2023-08-08T09:46:00-04:00,946,945,16228.0,16412.75,16263.0,1364,flat,184.75,-35.0,-72.0,-74.0,56.75,97.0,2023-08-08,586,16412.75,16233.5
-1,2023-08-09T09:33:00-04:00,933,932,16257.25,16347.5,16110.25,1364,flat,90.25,147.0,292.0,290.0,23.75,197.5,2023-08-09,573,16347.5,16258.25
1,2023-08-10T09:47:00-04:00,947,946,16286.0,16112.75,16112.75,1106,stop,173.25,-173.25,-348.5,-350.5,173.75,70.5,2023-08-10,587,16271.75,16112.75
-1,2023-08-11T09:32:00-04:00,932,931,15982.75,16181.5,16021.75,1364,flat,198.75,-39.0,-80.0,-82.0,106.25,30.75,2023-08-11,572,16181.5,15992.75
1,2023-08-14T10:52:00-04:00,1012,1011,16147.25,15934.75,16191.0,1364,flat,212.5,43.75,85.5,83.5,60.25,47.25,2023-08-14,652,16138.25,15934.75
-1,2023-08-15T10:06:00-04:00,966,965,16058.0,16249.75,16026.0,1364,flat,191.75,32.0,62.0,60.0,64.75,67.25,2023-08-15,606,16249.75,16067.25
-1,2023-08-16T09:33:00-04:00,933,932,15976.0,16080.25,15851.5,1364,flat,104.25,124.5,247.0,245.0,83.25,139.5,2023-08-16,573,16080.25,15978.75
-1,2023-08-17T10:26:00-04:00,986,985,15802.5,15932.75,15665.0,1364,flat,130.25,137.5,273.0,271.0,70.0,144.5,2023-08-17,626,15932.75,15802.25
-1,2023-08-18T10:18:00-04:00,978,977,15533.0,15705.75,15705.75,1306,stop,172.75,-172.75,-347.5,-349.5,184.5,0.0,2023-08-18,618,15705.75,15534.5
1,2023-08-21T09:36:00-04:00,936,935,15775.0,15635.25,15886.5,1364,flat,139.75,111.5,221.0,219.0,72.0,153.5,2023-08-21,576,15773.25,15635.25
-1,2023-08-22T12:17:00-04:00,1097,1096,15852.5,16033.25,15876.75,1364,flat,180.75,-24.25,-50.5,-52.5,72.75,6.75,2023-08-22,737,16033.25,15857.75
1,2023-08-23T09:57:00-04:00,957,956,16000.75,15870.0,16257.25,1364,flat,130.75,256.5,511.0,509.0,3.75,258.75,2023-08-23,597,15997.75,15870.0
-1,2023-08-24T09:32:00-04:00,932,931,16208.0,16332.5,15739.25,1364,flat,124.5,468.75,935.5,933.5,4.0,476.5,2023-08-24,572,16332.5,16210.25
1,2023-08-25T09:31:00-04:00,931,930,15836.0,15700.25,15700.25,1009,stop,135.75,-135.75,-273.5,-275.5,139.0,127.75,2023-08-25,571,15833.25,15700.25
1,2023-08-28T09:36:00-04:00,936,935,16037.75,15888.0,16011.25,1364,flat,149.75,-26.5,-55.0,-57.0,139.5,1.75,2023-08-28,576,16022.0,15888.0
1,2023-08-29T09:46:00-04:00,946,945,16070.25,15964.75,16339.0,1364,flat,105.5,268.75,535.5,533.5,12.0,274.5,2023-08-29,586,16064.0,15964.75
1,2023-08-30T09:58:00-04:00,958,957,16391.25,16276.0,16424.75,1364,flat,115.25,33.5,65.0,63.0,102.25,48.0,2023-08-30,598,16383.0,16276.0
1,2023-08-31T09:34:00-04:00,934,933,16463.75,16373.25,16455.0,1364,flat,90.5,-8.75,-19.5,-21.5,55.25,57.75,2023-08-31,574,16458.75,16373.25
-1,2023-09-01T10:57:00-04:00,1017,1016,16406.25,16576.0,16429.25,1364,flat,169.75,-23.0,-48.0,-50.0,35.75,38.0,2023-09-01,657,16576.0,16416.75
1,2023-09-05T10:53:00-04:00,1013,1012,16452.5,16333.25,16430.0,1364,flat,119.25,-22.5,-47.0,-49.0,35.25,49.25,2023-09-05,653,16449.0,16333.25
-1,2023-09-06T10:03:00-04:00,963,962,16342.75,16447.5,16302.25,1364,flat,104.75,40.5,79.0,77.0,10.0,117.5,2023-09-06,603,16447.5,16353.25
-1,2023-09-07T09:32:00-04:00,932,931,16081.5,16310.25,16198.5,1364,flat,228.75,-117.0,-236.0,-238.0,144.0,9.25,2023-09-07,572,16310.25,16097.75
1,2023-09-08T09:37:00-04:00,937,936,16260.25,16137.5,16232.25,1364,flat,122.75,-28.0,-58.0,-60.0,90.0,45.0,2023-09-08,577,16259.0,16137.5
-1,2023-09-12T09:31:00-04:00,931,930,16306.5,16397.75,16223.75,1364,flat,91.25,82.75,163.5,161.5,70.0,104.75,2023-09-12,571,16397.75,16309.25
1,2023-09-13T09:32:00-04:00,932,931,16259.75,16124.0,16290.5,1364,flat,135.75,30.75,59.5,57.5,88.0,78.0,2023-09-13,572,16247.75,16124.0
-1,2023-09-14T09:54:00-04:00,954,953,16278.5,16365.5,16365.5,1005,stop,87.0,-87.0,-176.0,-178.0,98.25,29.75,2023-09-14,594,16365.5,16280.25
-1,2023-09-15T09:33:00-04:00,933,932,16303.25,16437.5,16108.5,1364,flat,134.25,194.75,387.5,385.5,12.0,228.75,2023-09-15,573,16437.5,16309.75
1,2023-09-18T09:38:00-04:00,938,937,16148.0,16048.25,16142.75,1364,flat,99.75,-5.25,-12.5,-14.5,66.0,30.5,2023-09-18,578,16146.25,16048.25
-1,2023-09-19T09:31:00-04:00,931,930,16057.25,16160.25,16099.5,1364,flat,103.0,-42.25,-86.5,-88.5,68.5,91.0,2023-09-19,571,16160.25,16062.75
-1,2023-09-20T11:20:00-04:00,1040,1039,16058.25,16154.25,15859.75,1364,flat,96.0,198.5,395.0,393.0,50.25,212.75,2023-09-20,680,16154.25,16059.75
-1,2023-09-21T09:54:00-04:00,954,953,15657.75,15865.75,15561.5,1364,flat,208.0,96.25,190.5,188.5,78.75,101.5,2023-09-21,594,15865.75,15660.75
1,2023-09-22T10:32:00-04:00,992,991,15696.0,15553.5,15596.5,1364,flat,142.5,-99.5,-201.0,-203.0,125.5,49.0,2023-09-22,632,15690.5,15553.5
1,2023-09-25T16:14:00-04:00,1334,1333,15667.0,15500.25,15670.5,1364,flat,166.75,3.5,5.0,3.0,5.75,6.75,2023-09-25,974,15663.75,15500.25
-1,2023-09-26T09:51:00-04:00,951,950,15499.5,15670.25,15439.75,1364,flat,170.75,59.75,117.5,115.5,24.0,115.5,2023-09-26,591,15670.25,15513.0
-1,2023-09-27T10:13:00-04:00,973,972,15428.75,15513.75,15513.75,1267,stop,85.0,-85.0,-172.0,-174.0,91.5,123.75,2023-09-27,613,15513.75,15430.75
-1,2023-09-28T09:31:00-04:00,931,930,15395.5,15511.75,15511.75,1043,stop,116.25,-116.25,-234.5,-236.5,132.0,21.5,2023-09-28,571,15511.75,15395.5
1,2023-09-29T09:46:00-04:00,946,945,15727.75,15542.75,15542.75,1198,stop,185.0,-185.0,-372.0,-374.0,190.5,50.75,2023-09-29,586,15727.75,15542.75
1,2023-10-02T11:21:00-04:00,1041,1040,15729.0,15542.5,15720.25,1364,flat,186.5,-8.75,-19.5,-21.5,146.75,35.0,2023-10-02,681,15728.75,15542.5
-1,2023-10-03T10:07:00-04:00,967,966,15560.75,15748.75,15440.75,1364,flat,188.0,120.0,238.0,236.0,22.0,191.5,2023-10-03,607,15748.75,15565.0
1,2023-10-04T09:36:00-04:00,936,935,15524.25,15307.0,15623.0,1364,flat,217.25,98.75,195.5,193.5,72.25,149.25,2023-10-04,576,15517.5,15307.0
-1,2023-10-05T09:50:00-04:00,950,949,15564.75,15676.5,15575.0,1364,flat,111.75,-10.25,-22.5,-24.5,59.75,131.0,2023-10-05,590,15676.5,15568.75
1,2023-10-06T11:09:00-04:00,1029,1028,15642.0,15378.0,15852.0,1364,flat,264.0,210.0,418.0,416.0,24.75,236.25,2023-10-06,669,15639.75,15378.0
-1,2023-10-09T09:36:00-04:00,936,935,15678.75,15793.75,15793.75,1100,stop,115.0,-115.0,-232.0,-234.0,120.5,4.25,2023-10-09,576,15793.75,15689.25
1,2023-10-10T10:00:00-04:00,960,959,15958.25,15890.75,15999.75,1364,flat,67.5,41.5,81.0,79.0,3.0,143.0,2023-10-10,600,15957.0,15890.75
1,2023-10-11T09:32:00-04:00,932,931,16081.5,15991.25,15991.25,1159,stop,90.25,-90.25,-182.5,-184.5,99.0,23.75,2023-10-11,572,16064.0,15991.25
1,2023-10-12T10:12:00-04:00,972,971,16168.5,16079.25,16079.25,1148,stop,89.25,-89.25,-180.5,-182.5,91.5,18.75,2023-10-12,612,16165.75,16079.25
1,2023-10-13T09:31:00-04:00,931,930,16071.75,15935.25,15935.25,1011,stop,136.5,-136.5,-275.0,-277.0,138.5,8.5,2023-10-13,571,16066.5,15935.25
1,2023-10-16T09:32:00-04:00,932,931,15916.0,15800.75,16016.75,1364,flat,115.25,100.75,199.5,197.5,15.25,139.75,2023-10-16,572,15905.75,15800.75
-1,2023-10-17T09:31:00-04:00,931,930,15848.25,16023.25,16023.25,1103,stop,175.0,-175.0,-352.0,-354.0,177.75,80.5,2023-10-17,571,16023.25,15853.25
-1,2023-10-18T10:37:00-04:00,997,996,15831.25,15960.75,15779.75,1364,flat,129.5,51.5,101.0,99.0,64.25,134.5,2023-10-18,637,15960.75,15841.75
1,2023-10-19T09:33:00-04:00,933,932,15825.0,15654.5,15654.5,1115,stop,170.5,-170.5,-343.0,-345.0,175.75,30.75,2023-10-19,573,15824.0,15654.5
-1,2023-10-20T10:12:00-04:00,972,971,15508.25,15605.5,15368.25,1364,flat,97.25,140.0,278.0,276.0,22.5,145.5,2023-10-20,612,15605.5,15514.0
1,2023-10-23T11:14:00-04:00,1034,1033,15435.5,15238.25,15470.0,1364,flat,197.25,34.5,67.0,65.0,18.5,136.5,2023-10-23,674,15433.5,15238.25
1,2023-10-24T09:41:00-04:00,941,940,15546.75,15437.75,15437.75,1122,stop,109.0,-109.0,-220.0,-222.0,111.0,48.75,2023-10-24,581,15541.0,15437.75
-1,2023-10-25T09:32:00-04:00,932,931,15421.0,15572.25,15195.25,1364,flat,151.25,225.75,449.5,447.5,0.25,263.25,2023-10-25,572,15572.25,15430.75
1,2023-10-26T09:32:00-04:00,932,931,15154.5,14975.0,14975.0,1046,stop,179.5,-179.5,-361.0,-363.0,186.75,22.5,2023-10-26,572,15148.5,14975.0
1,2023-10-27T10:06:00-04:00,966,965,15065.75,14961.75,14961.75,1158,stop,104.0,-104.0,-210.0,-212.0,109.0,59.5,2023-10-27,606,15061.25,14961.75
1,2023-10-30T09:35:00-04:00,935,934,15114.0,15020.0,15123.5,1364,flat,94.0,9.5,17.0,15.0,90.0,80.0,2023-10-30,575,15109.5,15020.0
-1,2023-10-31T09:53:00-04:00,953,952,15033.75,15172.75,15172.75,1181,stop,139.0,-139.0,-280.0,-282.0,142.5,4.75,2023-10-31,593,15172.75,15038.0
1,2023-11-01T09:33:00-04:00,933,932,15259.5,15128.75,15476.5,1364,flat,130.75,217.0,432.0,430.0,13.25,220.25,2023-11-01,573,15252.25,15128.75
1,2023-11-02T10:52:00-04:00,1012,1011,15674.5,15477.5,15683.0,1364,flat,197.0,8.5,15.0,13.0,34.25,59.0,2023-11-02,652,15670.75,15477.5
1,2023-11-03T09:32:00-04:00,932,931,15796.0,15642.0,15904.75,1364,flat,154.0,108.75,215.5,213.5,38.0,150.25,2023-11-03,572,15784.0,15642.0
1,2023-11-06T09:31:00-05:00,931,930,15950.75,15880.75,15880.75,1158,stop,70.0,-70.0,-142.0,-144.0,75.75,24.5,2023-11-06,571,15943.0,15880.75
1,2023-11-07T09:56:00-05:00,956,955,16008.25,15893.5,16096.75,1364,flat,114.75,88.5,175.0,173.0,17.5,122.25,2023-11-07,596,16002.0,15893.5
1,2023-11-08T09:33:00-05:00,933,932,16113.5,16054.0,16054.0,1000,stop,59.5,-59.5,-121.0,-123.0,60.5,22.0,2023-11-08,573,16107.75,16054.0
1,2023-11-09T09:58:00-05:00,958,957,16130.0,16062.25,16062.25,1143,stop,67.75,-67.75,-137.5,-139.5,91.25,41.0,2023-11-09,598,16128.5,16062.25
1,2023-11-10T09:38:00-05:00,938,937,16053.75,15924.75,16309.5,1364,flat,129.0,255.75,509.5,507.5,14.0,280.25,2023-11-10,578,16048.75,15924.75
-1,2023-11-13T09:38:00-05:00,938,937,16215.25,16318.75,16273.0,1364,flat,103.5,-57.75,-117.5,-119.5,92.0,32.25,2023-11-13,578,16318.75,16227.25
1,2023-11-14T09:43:00-05:00,943,942,16559.0,16269.5,16618.5,1364,flat,289.5,59.5,117.0,115.0,19.25,77.5,2023-11-14,583,16557.5,16269.5
-1,2023-11-15T11:54:00-05:00,1074,1073,16611.25,16766.75,16561.75,1364,flat,155.5,49.5,97.0,95.0,35.25,61.5,2023-11-15,714,16766.75,16612.0
1,2023-11-16T09:55:00-05:00,955,954,16602.0,16539.5,16539.5,1002,stop,62.5,-62.5,-127.0,-129.0,69.5,21.5,2023-11-16,595,16601.0,16539.5
-1,2023-11-17T09:32:00-05:00,932,931,16573.25,16638.5,16638.5,1175,stop,65.25,-65.25,-132.5,-134.5,65.25,31.0,2023-11-17,572,16638.5,16577.75
1,2023-11-20T09:32:00-05:00,932,931,16661.5,16555.25,16804.0,1364,flat,106.25,142.5,283.0,281.0,6.25,173.0,2023-11-20,572,16649.5,16555.25
-1,2023-11-21T09:31:00-05:00,931,930,16712.0,16840.25,16688.5,1364,flat,128.25,23.5,45.0,43.0,27.0,82.25,2023-11-21,571,16840.25,16717.75
1,2023-11-22T09:31:00-05:00,931,930,16819.0,16660.25,16761.5,1364,flat,158.75,-57.5,-117.0,-119.0,96.0,72.0,2023-11-22,571,16797.0,16660.25
1,2023-11-27T09:31:00-05:00,931,930,16752.5,16656.5,16723.5,1364,flat,96.0,-29.0,-60.0,-62.0,64.5,54.25,2023-11-27,571,16739.5,16656.5
1,2023-11-28T10:41:00-05:00,1001,1000,16735.5,16662.75,16772.5,1364,flat,72.75,37.0,72.0,70.0,49.0,53.75,2023-11-28,641,16731.75,16662.75
1,2023-11-29T09:33:00-05:00,933,932,16896.75,16758.25,16758.25,1049,stop,138.5,-138.5,-279.0,-281.0,140.75,28.75,2023-11-29,573,16890.75,16758.25
-1,2023-11-30T09:36:00-05:00,936,935,16738.0,16815.75,16680.75,1364,flat,77.75,57.25,112.5,110.5,10.75,164.5,2023-11-30,576,16815.75,16744.0
-1,2023-12-01T09:33:00-05:00,933,932,16626.25,16718.5,16718.5,1064,stop,92.25,-92.25,-186.5,-188.5,98.0,44.0,2023-12-01,573,16718.5,16637.0
-1,2023-12-04T09:32:00-05:00,932,931,16561.0,16744.75,16573.25,1364,flat,183.75,-12.25,-26.5,-28.5,42.0,122.0,2023-12-04,572,16744.75,16566.25
1,2023-12-05T10:01:00-05:00,961,960,16612.5,16479.0,16621.0,1364,flat,133.5,8.5,15.0,13.0,67.25,67.0,2023-12-05,601,16580.25,16479.0
-1,2023-12-06T10:26:00-05:00,986,985,16597.0,16755.0,16530.75,1364,flat,158.0,66.25,130.5,128.5,70.5,77.25,2023-12-06,626,16755.0,16608.75
1,2023-12-07T09:33:00-05:00,933,932,16667.75,16509.0,16729.25,1364,flat,158.75,61.5,121.0,119.0,62.0,115.75,2023-12-07,573,16657.5,16509.0
1,2023-12-08T10:05:00-05:00,965,964,16762.5,16607.75,16809.75,1364,flat,154.75,47.25,92.5,90.5,55.0,74.25,2023-12-08,605,16756.5,16607.75
-1,2023-12-12T09:31:00-05:00,931,930,16945.75,17055.0,17055.0,1253,stop,109.25,-109.25,-220.5,-222.5,110.5,41.0,2023-12-12,571,17055.0,16948.25
1,2023-12-13T09:32:00-05:00,932,931,17147.75,17097.75,17097.75,1123,stop,50.0,-50.0,-102.0,-104.0,51.75,17.75,2023-12-13,572,17144.0,17097.75
-1,2023-12-14T10:39:00-05:00,999,998,17280.75,17393.75,17250.0,1364,flat,113.0,30.75,59.5,57.5,47.75,145.25,2023-12-14,639,17393.75,17282.25
1,2023-12-15T09:37:00-05:00,937,936,17327.5,17240.5,17325.5,1364,flat,87.0,-2.0,-6.0,-8.0,56.5,68.0,2023-12-15,577,17326.75,17240.5
1,2023-12-18T09:32:00-05:00,932,931,17377.5,17310.5,17429.25,1364,flat,67.0,51.75,101.5,99.5,25.5,105.0,2023-12-18,572,17367.0,17310.5
1,2023-12-19T09:43:00-05:00,943,942,17501.75,17419.25,17530.0,1364,flat,82.5,28.25,54.5,52.5,39.25,36.0,2023-12-19,583,17497.5,17419.25
1,2023-12-20T10:22:00-05:00,982,981,17557.75,17469.75,17469.75,1240,stop,88.0,-88.0,-178.0,-180.0,92.75,24.0,2023-12-20,622,17554.25,17469.75
1,2023-12-22T09:34:00-05:00,934,933,17525.75,17399.75,17471.0,1364,flat,126.0,-54.75,-111.5,-113.5,121.5,23.75,2023-12-22,574,17522.5,17399.75
1,2023-12-26T09:41:00-05:00,941,940,17547.5,17471.75,17598.5,1364,flat,75.75,51.0,100.0,98.0,16.5,72.25,2023-12-26,581,17545.75,17471.75
1,2023-12-27T09:31:00-05:00,931,930,17624.25,17580.5,17580.5,973,stop,43.75,-43.75,-89.5,-91.5,50.0,8.5,2023-12-27,571,17614.5,17580.5
-1,2023-12-28T09:52:00-05:00,952,951,17625.0,17673.75,17599.25,1364,flat,48.75,25.75,49.5,47.5,27.75,38.75,2023-12-28,592,17673.75,17626.0
-1,2023-12-29T10:40:00-05:00,1000,999,17569.0,17638.75,17519.5,1364,flat,69.75,49.5,97.0,95.0,3.75,123.0,2023-12-29,640,17638.75,17574.25
-1,2024-01-02T09:39:00-05:00,939,938,17311.75,17546.75,17239.25,1364,flat,235.0,72.5,143.0,141.0,4.5,181.5,2024-01-02,579,17546.75,17324.0
-1,2024-01-03T10:12:00-05:00,972,971,17095.5,17248.25,17047.25,1364,flat,152.75,48.25,94.5,92.5,41.25,65.0,2024-01-03,612,17248.25,17100.25
-1,2024-01-04T15:56:00-05:00,1316,1315,16949.0,17095.5,16961.5,1364,flat,146.5,-12.5,-27.0,-29.0,18.0,3.5,2024-01-04,956,17095.5,16952.0
1,2024-01-05T09:35:00-05:00,935,934,16993.75,16842.5,16969.5,1364,flat,151.25,-24.25,-50.5,-52.5,82.0,91.5,2024-01-05,575,16977.5,16842.5
1,2024-01-08T09:31:00-05:00,931,930,17026.25,16886.5,17298.0,1364,flat,139.75,271.75,541.5,539.5,1.75,293.5,2024-01-08,571,17022.75,16886.5
1,2024-01-09T11:51:00-05:00,1071,1070,17307.0,17166.75,17339.5,1364,flat,140.25,32.5,63.0,61.0,19.75,69.75,2024-01-09,711,17304.25,17166.75
-1,2024-01-10T10:06:00-05:00,966,965,17313.75,17415.5,17415.5,1130,stop,101.75,-101.75,-205.5,-207.5,102.75,2.0,2024-01-10,606,17415.5,17315.0
-1,2024-01-11T10:05:00-05:00,965,964,17398.75,17564.25,17471.5,1364,flat,165.5,-72.75,-147.5,-149.5,93.25,137.5,2024-01-11,605,17564.25,17400.5
1,2024-01-12T09:39:00-05:00,939,938,17519.0,17374.5,17459.25,1364,flat,144.5,-59.75,-121.5,-123.5,97.5,31.75,2024-01-12,579,17516.75,17374.5
1,2024-01-16T10:21:00-05:00,981,980,17482.75,17320.25,17480.75,1364,flat,162.5,-2.0,-6.0,-8.0,112.5,59.5,2024-01-16,621,17474.25,17320.25
-1,2024-01-17T09:32:00-05:00,932,931,17303.5,17489.5,17368.5,1364,flat,186.0,-65.0,-132.0,-134.0,90.0,106.25,2024-01-17,572,17489.5,17313.75
1,2024-01-18T09:41:00-05:00,941,940,17553.75,17342.0,17626.25,1364,flat,211.75,72.5,143.0,141.0,103.0,80.5,2024-01-18,581,17553.0,17342.0
1,2024-01-19T11:11:00-05:00,1031,1030,17765.0,17615.5,17974.75,1364,flat,149.5,209.75,417.5,415.5,29.75,215.25,2024-01-19,671,17763.75,17615.5
-1,2024-01-22T10:47:00-05:00,1007,1006,17967.0,18090.75,17967.5,1364,flat,123.75,-0.5,-3.0,-5.0,55.25,24.5,2024-01-22,647,18090.75,17972.25
-1,2024-01-23T09:35:00-05:00,935,934,17928.75,18033.75,18033.75,1312,stop,105.0,-105.0,-212.0,-214.0,106.25,11.25,2024-01-23,575,18033.75,17929.75
1,2024-01-24T10:16:00-05:00,976,975,18211.25,18059.75,18130.25,1364,flat,151.5,-81.0,-164.0,-166.0,133.0,91.0,2024-01-24,616,18202.25,18059.75
1,2024-01-25T10:23:00-05:00,983,982,18236.25,18096.75,18096.75,1197,stop,139.5,-139.5,-281.0,-283.0,142.75,24.0,2024-01-25,623,18235.25,18096.75
1,2024-01-26T10:55:00-05:00,1015,1014,18122.25,17974.0,18009.5,1364,flat,148.25,-112.75,-227.5,-229.5,117.25,17.25,2024-01-26,655,18119.75,17974.0
1,2024-01-29T12:24:00-05:00,1104,1103,18100.75,17964.5,18212.0,1364,flat,136.25,111.25,220.5,218.5,14.5,123.75,2024-01-29,744,18099.25,17964.5
-1,2024-01-30T10:01:00-05:00,961,960,18153.25,18244.0,18005.0,1364,flat,90.75,148.25,294.5,292.5,22.5,162.0,2024-01-30,601,18244.0,18153.0
-1,2024-01-31T10:29:00-05:00,989,988,17834.75,17977.0,17977.0,1244,stop,142.25,-142.25,-286.5,-288.5,147.25,43.0,2024-01-31,629,17977.0,17841.75
1,2024-02-01T10:30:00-05:00,990,989,17876.5,17771.0,18118.25,1364,flat,105.5,241.75,481.5,479.5,104.25,243.0,2024-02-01,630,17872.0,17771.0
-1,2024-02-02T09:33:00-05:00,933,932,17984.75,18152.0,18152.0,1002,stop,167.25,-167.25,-336.5,-338.5,169.75,10.75,2024-02-02,573,18152.0,17991.25
-1,2024-02-05T10:05:00-05:00,965,964,18163.5,18247.75,18247.75,1241,stop,84.25,-84.25,-170.5,-172.5,85.25,101.5,2024-02-05,605,18247.75,18171.75
-1,2024-02-06T09:52:00-05:00,952,951,18176.0,18276.5,18154.0,1364,flat,100.5,22.0,42.0,40.0,23.5,107.0,2024-02-06,592,18276.5,18179.0
1,2024-02-07T10:14:00-05:00,974,973,18313.75,18137.75,18358.25,1364,flat,176.0,44.5,87.0,85.0,26.0,70.5,2024-02-07,614,18287.25,18137.75
1,2024-02-08T10:49:00-05:00,1009,1008,18381.5,18299.75,18371.75,1364,flat,81.75,-9.75,-21.5,-23.5,47.0,23.25,2024-02-08,649,18370.75,18299.75
1,2024-02-09T10:33:00-05:00,993,992,18484.75,18360.0,18541.75,1364,flat,124.75,57.0,112.0,110.0,9.5,94.5,2024-02-09,633,18479.75,18360.0
1,2024-02-12T10:45:00-05:00,1005,1004,18568.0,18511.5,18511.5,1179,stop,56.5,-56.5,-115.0,-117.0,63.75,61.75,2024-02-12,645,18567.75,18511.5
-1,2024-02-13T14:11:00-05:00,1211,1210,18122.25,18471.75,18209.25,1364,flat,349.5,-87.0,-176.0,-178.0,89.0,67.75,2024-02-13,851,18471.75,18124.0
1,2024-02-14T10:20:00-05:00,980,979,18334.0,18177.5,18383.0,1364,flat,156.5,49.0,96.0,94.0,135.25,61.25,2024-02-14,620,18320.0,18177.5
-1,2024-02-15T09:55:00-05:00,955,954,18333.75,18442.25,18442.25,1323,stop,108.5,-108.5,-219.0,-221.0,113.25,45.25,2024-02-15,595,18442.25,18352.0
-1,2024-02-16T09:33:00-05:00,933,932,18396.75,18534.5,18231.5,1364,flat,137.75,165.25,328.5,326.5,36.75,174.75,2024-02-16,573,18534.5,18411.25
-1,2024-02-20T09:41:00-05:00,941,940,18093.75,18298.25,18104.25,1364,flat,204.5,-10.5,-23.0,-25.0,28.75,133.0,2024-02-20,581,18298.25,18122.0
-1,2024-02-21T09:43:00-05:00,943,942,17984.5,18099.0,18099.0,1340,stop,114.5,-114.5,-231.0,-233.0,142.25,103.25,2024-02-21,583,18099.0,17989.0
1,2024-02-22T09:46:00-05:00,946,945,18439.5,18183.75,18526.5,1364,flat,255.75,87.0,172.0,170.0,40.0,155.75,2024-02-22,586,18434.0,18183.75
1,2024-02-23T09:31:00-05:00,931,930,18622.0,18507.25,18507.25,1022,stop,114.75,-114.75,-231.5,-233.5,118.25,31.25,2024-02-23,571,18621.25,18507.25
1,2024-02-26T09:31:00-05:00,931,930,18541.5,18430.25,18465.0,1364,flat,111.25,-76.5,-155.0,-157.0,77.25,26.5,2024-02-26,571,18536.25,18430.25
-1,2024-02-27T12:57:00-05:00,1137,1136,18433.75,18548.75,18529.25,1364,flat,115.0,-95.5,-193.0,-195.0,106.25,17.0,2024-02-27,777,18548.75,18436.0
-1,2024-02-28T09:51:00-05:00,951,950,18395.75,18528.0,18360.0,1364,flat,132.25,35.75,69.5,67.5,87.5,38.75,2024-02-28,591,18528.0,18400.25
1,2024-02-29T09:31:00-05:00,931,930,18558.0,18334.5,18580.75,1364,flat,223.5,22.75,43.5,41.5,151.75,59.25,2024-02-29,571,18542.75,18334.5
1,2024-03-01T10:09:00-05:00,969,968,18673.0,18538.5,18832.75,1364,flat,134.5,159.75,317.5,315.5,20.5,207.75,2024-03-01,609,18671.0,18538.5
-1,2024-03-04T09:33:00-05:00,933,932,18809.75,18886.5,18747.0,1364,flat,76.75,62.75,123.5,121.5,45.25,66.5,2024-03-04,573,18886.5,18818.5
-1,2024-03-05T09:33:00-05:00,933,932,18600.25,18762.25,18476.5,1364,flat,162.0,123.75,245.5,243.5,3.75,259.5,2024-03-05,573,18762.25,18615.5
1,2024-03-06T09:31:00-05:00,931,930,18627.0,18450.75,18558.25,1364,flat,176.25,-68.75,-139.5,-141.5,155.25,55.5,2024-03-06,571,18614.25,18450.75
1,2024-03-07T09:35:00-05:00,935,934,18698.5,18423.75,18746.25,1364,flat,274.75,47.75,93.5,91.5,71.25,169.75,2024-03-07,575,18696.5,18423.75
1,2024-03-08T09:56:00-05:00,956,955,18883.75,18719.25,18719.25,1048,stop,164.5,-164.5,-331.0,-333.0,181.75,60.75,2024-03-08,596,18883.75,18719.25
-1,2024-03-12T09:46:00-04:00,946,945,18450.5,18641.75,18641.75,990,stop,191.25,-191.25,-384.5,-386.5,201.5,15.75,2024-03-12,586,18641.75,18460.75
-1,2024-03-13T09:31:00-04:00,931,930,18671.0,18767.5,18609.25,1364,flat,96.5,61.75,121.5,119.5,0.5,128.75,2024-03-13,571,18767.5,18672.75
-1,2024-03-14T09:48:00-04:00,948,947,18576.5,18689.0,18532.0,1364,flat,112.5,44.5,87.0,85.0,26.25,154.5,2024-03-14,588,18689.0,18601.0
-1,2024-03-15T09:38:00-04:00,938,937,18378.25,18583.75,18323.25,1364,flat,205.5,55.0,108.0,106.0,53.75,111.25,2024-03-15,578,18583.75,18391.0
1,2024-03-18T09:32:00-04:00,932,931,18574.25,18323.0,18490.0,1364,flat,251.25,-84.25,-170.5,-172.5,106.0,67.25,2024-03-18,572,18556.75,18323.0
-1,2024-03-19T09:41:00-04:00,941,940,18326.5,18513.5,18513.5,1125,stop,187.0,-187.0,-376.0,-378.0,187.25,12.5,2024-03-19,581,18513.5,18338.5
1,2024-03-20T09:32:00-04:00,932,931,18592.75,18488.25,18801.25,1364,flat,104.5,208.5,415.0,413.0,88.0,213.5,2024-03-20,572,18591.75,18488.25
1,2024-03-21T09:41:00-04:00,941,940,18964.75,18787.25,18837.25,1364,flat,177.5,-127.5,-257.0,-259.0,151.75,4.5,2024-03-21,581,18956.75,18787.25
1,2024-03-22T13:19:00-04:00,1159,1158,18867.25,18753.5,18822.25,1364,flat,113.75,-45.0,-92.0,-94.0,59.5,19.5,2024-03-22,799,18867.0,18753.5
-1,2024-03-25T09:40:00-04:00,940,939,18709.0,18862.0,18783.5,1364,flat,153.0,-74.5,-151.0,-153.0,123.5,33.25,2024-03-25,580,18862.0,18717.5
-1,2024-03-26T15:30:00-04:00,1290,1289,18772.5,18879.5,18740.0,1364,flat,107.0,32.5,63.0,61.0,2.0,72.5,2024-03-26,930,18879.5,18777.5
-1,2024-03-27T09:55:00-04:00,955,954,18728.75,18833.0,18773.5,1364,flat,104.25,-44.75,-91.5,-93.5,58.0,89.5,2024-03-27,595,18833.0,18728.75
1,2024-03-28T09:52:00-04:00,952,951,18791.25,18720.0,18720.0,1152,stop,71.25,-71.25,-144.5,-146.5,71.75,8.75,2024-03-28,592,18788.5,18720.0
-1,2024-04-01T10:52:00-04:00,1012,1011,18736.25,18872.5,18758.25,1364,flat,136.25,-22.0,-46.0,-48.0,39.0,61.0,2024-04-01,652,18872.5,18739.0
-1,2024-04-02T09:34:00-04:00,934,933,18525.5,18774.75,18606.75,1364,flat,249.25,-81.25,-164.5,-166.5,81.75,63.75,2024-04-02,574,18774.75,18529.5
1,2024-04-03T10:04:00-04:00,964,963,18608.75,18493.5,18653.75,1364,flat,115.25,45.0,88.0,86.0,44.75,104.0,2024-04-03,604,18608.5,18493.5
1,2024-04-04T09:36:00-04:00,936,935,18817.25,18638.5,18638.5,1219,stop,178.75,-178.75,-359.5,-361.5,181.0,11.75,2024-04-04,576,18812.75,18638.5
1,2024-04-05T09:52:00-04:00,952,951,18455.25,18304.25,18558.75,1364,flat,151.0,103.5,205.0,203.0,20.0,213.25,2024-04-05,592,18451.25,18304.25
-1,2024-04-08T09:40:00-04:00,940,939,18505.25,18634.25,18634.25,993,stop,129.0,-129.0,-260.0,-262.0,130.0,6.75,2024-04-08,580,18634.25,18508.0
1,2024-04-09T09:33:00-04:00,933,932,18660.0,18514.5,18514.5,990,stop,145.5,-145.5,-293.0,-295.0,168.0,3.75,2024-04-09,573,18656.25,18514.5
1,2024-04-11T11:57:00-04:00,1077,1076,18547.25,18345.75,18749.0,1364,flat,201.5,201.75,401.5,399.5,2.75,232.75,2024-04-11,717,18547.0,18345.75
-1,2024-04-12T10:16:00-04:00,976,975,18522.75,18768.5,18451.25,1364,flat,245.75,71.5,141.0,139.0,47.5,142.0,2024-04-12,616,18768.5,18535.0
-1,2024-04-15T12:25:00-04:00,1105,1104,18396.5,18611.75,18111.5,1364,flat,215.25,285.0,568.0,566.0,8.25,294.25,2024-04-15,745,18611.75,18408.25
1,2024-04-16T10:16:00-04:00,976,975,18188.25,18052.0,18147.5,1364,flat,136.25,-40.75,-83.5,-85.5,109.5,60.5,2024-04-16,616,18178.75,18052.0
-1,2024-04-17T10:55:00-04:00,1015,1014,18035.25,18229.0,17923.0,1364,flat,193.75,112.25,222.5,220.5,76.25,158.5,2024-04-17,655,18229.0,18038.75
-1,2024-04-18T09:32:00-04:00,932,931,17904.25,18031.75,17778.75,1364,flat,127.5,125.5,249.0,247.0,102.5,138.5,2024-04-18,572,18031.75,17924.0
-1,2024-04-19T14:40:00-04:00,1240,1239,17440.75,17813.25,17434.75,1364,flat,372.5,6.0,10.0,8.0,26.25,66.25,2024-04-19,880,17813.25,17441.0
1,2024-04-22T09:49:00-04:00,949,948,17583.75,17456.75,17456.75,986,stop,127.0,-127.0,-256.0,-258.0,132.75,8.5,2024-04-22,589,17575.25,17456.75
1,2024-04-23T09:32:00-04:00,932,931,17711.5,17546.25,17915.0,1364,flat,165.25,203.5,405.0,403.0,29.25,208.25,2024-04-23,572,17698.0,17546.25
1,2024-04-24T09:37:00-04:00,937,936,18019.0,17924.75,17924.75,1024,stop,94.25,-94.25,-190.5,-192.5,99.25,37.5,2024-04-24,577,18015.0,17924.75
-1,2024-04-25T09:32:00-04:00,932,931,17585.25,17785.75,17785.75,1178,stop,200.5,-200.5,-403.0,-405.0,212.25,16.5,2024-04-25,572,17785.75,17592.5
-1,2024-04-26T09:33:00-04:00,933,932,17929.5,18083.25,18083.25,970,stop,153.75,-153.75,-309.5,-311.5,156.0,0.5,2024-04-26,573,18083.25,17938.25
1,2024-04-29T09:32:00-04:00,932,931,18200.0,18113.25,18113.25,942,stop,86.75,-86.75,-175.5,-177.5,93.75,9.75,2024-04-29,572,18190.0,18113.25
-1,2024-04-30T11:12:00-04:00,1032,1031,18040.5,18181.75,17789.0,1364,flat,141.25,251.5,501.0,499.0,2.0,306.5,2024-04-30,672,18181.75,18051.25
-1,2024-05-01T12:01:00-04:00,1081,1080,17661.75,17789.75,17789.75,1226,stop,128.0,-128.0,-258.0,-260.0,133.0,2.0,2024-05-01,721,17789.75,17672.75
-1,2024-05-02T10:02:00-04:00,962,961,17713.0,17880.75,17880.75,1208,stop,167.75,-167.75,-337.5,-339.5,174.0,66.25,2024-05-02,602,17880.75,17744.75
1,2024-05-03T09:45:00-04:00,945,944,18231.5,17979.75,18284.5,1364,flat,251.75,53.0,104.0,102.0,77.25,79.25,2024-05-03,585,18228.75,17979.75
1,2024-05-06T09:37:00-04:00,937,936,18343.0,18244.5,18446.25,1364,flat,98.5,103.25,204.5,202.5,15.0,119.5,2024-05-06,577,18338.75,18244.5
1,2024-05-07T09:32:00-04:00,932,931,18487.0,18411.5,18466.5,1364,flat,75.5,-20.5,-43.0,-45.0,60.5,41.5,2024-05-07,572,18474.25,18411.5
1,2024-05-08T10:43:00-04:00,1003,1002,18479.25,18333.25,18419.0,1364,flat,146.0,-60.25,-122.5,-124.5,80.25,23.75,2024-05-08,643,18477.25,18333.25
1,2024-05-09T10:53:00-04:00,1013,1012,18474.75,18365.0,18490.75,1364,flat,109.75,16.0,30.0,28.0,44.0,26.0,2024-05-09,653,18471.5,18365.0
1,2024-05-10T09:35:00-04:00,935,934,18574.25,18474.25,18474.25,1013,stop,100.0,-100.0,-202.0,-204.0,107.5,34.5,2024-05-10,575,18567.75,18474.25
1,2024-05-14T09:43:00-04:00,943,942,18574.0,18428.25,18666.75,1364,flat,145.75,92.75,183.5,181.5,41.0,120.5,2024-05-14,583,18569.25,18428.25
1,2024-05-15T10:37:00-04:00,997,996,18813.0,18653.5,18952.75,1364,flat,159.5,139.75,277.5,275.5,1.25,154.5,2024-05-15,637,18807.75,18653.5
-1,2024-05-16T09:32:00-04:00,932,931,18935.75,18999.5,18999.5,1015,stop,63.75,-63.75,-129.5,-131.5,66.25,2.75,2024-05-16,572,18999.5,18939.25
-1,2024-05-17T13:20:00-04:00,1160,1159,18875.5,18947.25,18893.5,1364,flat,71.75,-18.0,-38.0,-40.0,28.75,69.75,2024-05-17,800,18947.25,18877.75
1,2024-05-20T09:36:00-04:00,936,935,18956.0,18892.25,19006.5,1364,flat,63.75,50.5,99.0,97.0,7.75,99.25,2024-05-20,576,18951.5,18892.25
-1,2024-05-21T09:31:00-04:00,931,930,18940.25,19024.25,19024.25,1044,stop,84.0,-84.0,-170.0,-172.0,84.75,1.5,2024-05-21,571,19024.25,18941.75
1,2024-05-22T09:52:00-04:00,952,951,19085.0,19016.0,19016.0,1184,stop,69.0,-69.0,-140.0,-142.0,71.5,14.25,2024-05-22,592,19084.75,19016.0
-1,2024-05-23T10:54:00-04:00,1014,1013,19102.75,19283.25,18946.0,1364,flat,180.5,156.75,311.5,309.5,91.75,220.5,2024-05-23,654,19283.25,19103.75
1,2024-05-24T09:35:00-04:00,935,934,19033.75,18938.75,19132.75,1364,flat,95.0,99.0,196.0,194.0,41.25,153.0,2024-05-24,575,19033.25,18938.75
-1,2024-05-28T09:45:00-04:00,945,944,19132.75,19241.25,19207.75,1364,flat,108.5,-75.0,-152.0,-154.0,95.5,52.5,2024-05-28,585,19241.25,19145.75
-1,2024-05-30T10:44:00-04:00,1004,1003,18915.75,19047.75,18852.0,1364,flat,132.0,63.75,125.5,123.5,74.0,107.0,2024-05-30,644,19047.75,18918.0
-1,2024-05-31T10:17:00-04:00,977,976,18744.75,18928.75,18847.75,1364,flat,184.0,-103.0,-208.0,-210.0,143.25,242.75,2024-05-31,617,18928.75,18745.75
1,2024-06-03T09:34:00-04:00,934,933,18977.5,18799.75,18799.75,1092,stop,177.75,-177.75,-357.5,-359.5,186.0,38.75,2024-06-03,574,18977.0,18799.75
1,2024-06-04T14:18:00-04:00,1218,1217,18951.5,18772.0,18970.75,1364,flat,179.5,19.25,36.5,34.5,59.0,62.5,2024-06-04,858,18937.75,18772.0
1,2024-06-05T09:53:00-04:00,953,952,19117.5,18956.25,19346.5,1364,flat,161.25,229.0,456.0,454.0,56.75,234.25,2024-06-05,593,19114.0,18956.25
-1,2024-06-06T09:57:00-04:00,957,956,19316.0,19385.0,19324.5,1364,flat,69.0,-8.5,-19.0,-21.0,51.25,37.5,2024-06-06,597,19385.0,19317.75
1,2024-06-07T13:25:00-04:00,1165,1164,19411.25,19200.75,19281.0,1364,flat,210.5,-130.25,-262.5,-264.5,153.5,2.5,2024-06-07,805,19410.75,19200.75
1,2024-06-10T10:59:00-04:00,1019,1018,19328.0,19234.0,19361.75,1364,flat,94.0,33.75,65.5,63.5,33.5,62.5,2024-06-10,659,19320.75,19234.0
-1,2024-06-11T09:48:00-04:00,948,947,19274.5,19374.25,19374.25,1008,stop,99.75,-99.75,-201.5,-203.5,102.75,19.0,2024-06-11,588,19374.25,19289.75
1,2024-06-12T09:42:00-04:00,942,941,19721.0,19492.75,19854.5,1364,flat,228.25,133.5,265.0,263.0,27.25,136.75,2024-06-12,582,19719.25,19492.75
-1,2024-06-13T10:18:00-04:00,978,977,19843.0,19950.75,19858.5,1364,flat,107.75,-15.5,-33.0,-35.0,57.25,82.25,2024-06-13,618,19950.75,19843.25
1,2024-06-14T13:16:00-04:00,1156,1155,19924.0,19762.25,19953.75,1364,flat,161.75,29.75,57.5,55.5,34.25,36.75,2024-06-14,796,19920.0,19762.25
-1,2024-06-18T10:58:00-04:00,1018,1017,20156.75,20270.0,20204.0,1364,flat,113.25,-47.25,-96.5,-98.5,72.25,29.75,2024-06-18,658,20270.0,20158.0
-1,2024-06-20T09:32:00-04:00,932,931,20221.5,20371.5,20049.5,1364,flat,150.0,172.0,342.0,340.0,42.0,263.0,2024-06-20,572,20371.5,20226.5
-1,2024-06-21T09:51:00-04:00,951,950,19941.5,20085.5,20009.0,1364,flat,144.0,-67.5,-137.0,-139.0,131.5,27.5,2024-06-21,591,20085.5,19947.5
-1,2024-06-24T09:44:00-04:00,944,943,19890.75,20030.0,19749.5,1364,flat,139.25,141.25,280.5,278.5,104.75,162.75,2024-06-24,584,20030.0,19895.5
1,2024-06-25T10:03:00-04:00,963,962,19857.75,19725.25,19966.75,1364,flat,132.5,109.0,216.0,214.0,20.25,123.25,2024-06-25,603,19851.0,19725.25
1,2024-06-27T09:31:00-04:00,931,930,20015.75,19873.5,20065.75,1364,flat,142.25,50.0,98.0,96.0,61.5,100.75,2024-06-27,571,20007.0,19873.5
-1,2024-06-28T09:31:00-04:00,931,930,20048.75,20172.75,20172.75,960,stop,124.0,-124.0,-250.0,-252.0,130.75,9.75,2024-06-28,571,20172.75,20058.5
